date,product_id,sales
2023-01-01,SKU_01,150
2023-01-02,SKU_01,99
2023-01-03,SKU_01,92
2023-01-04,SKU_01,88
2023-01-05,SKU_01,98
2023-01-06,SKU_01,104
2023-01-07,SKU_01,144
2023-01-08,SKU_01,134
2023-01-09,SKU_01,100
2023-01-10,SKU_01,75
2023-01-11,SKU_01,94
2023-01-12,SKU_01,85
2023-01-13,SKU_01,87
2023-01-14,SKU_01,124
2023-01-15,SKU_01,117
2023-01-16,SKU_01,97
2023-01-17,SKU_01,96
2023-01-18,SKU_01,104
2023-01-19,SKU_01,98
2023-01-20,SKU_01,98
2023-01-21,SKU_01,138
2023-01-22,SKU_01,125
2023-01-23,SKU_01,89
2023-01-24,SKU_01,96
2023-01-25,SKU_01,79
2023-01-26,SKU_01,104
2023-01-27,SKU_01,97
2023-01-28,SKU_01,133
2023-01-29,SKU_01,122
2023-01-30,SKU_01,102
2023-01-31,SKU_01,87
2023-02-01,SKU_01,101
2023-02-02,SKU_01,118
2023-02-03,SKU_01,105
2023-02-04,SKU_01,128
2023-02-05,SKU_01,134
2023-02-06,SKU_01,86
2023-02-07,SKU_01,105
2023-02-08,SKU_01,97
2023-02-09,SKU_01,88
2023-02-10,SKU_01,93
2023-02-11,SKU_01,148
2023-02-12,SKU_01,141
2023-02-13,SKU_01,93
2023-02-14,SKU_01,105
2023-02-15,SKU_01,89
2023-02-16,SKU_01,100
2023-02-17,SKU_01,97
2023-02-18,SKU_01,122
2023-02-19,SKU_01,121
2023-02-20,SKU_01,114
2023-02-21,SKU_01,114
2023-02-22,SKU_01,104
2023-02-23,SKU_01,99
2023-02-24,SKU_01,82
2023-02-25,SKU_01,122
2023-02-26,SKU_01,145
2023-02-27,SKU_01,96
2023-02-28,SKU_01,92
2023-03-01,SKU_01,85
2023-03-02,SKU_01,95
2023-03-03,SKU_01,103
2023-03-04,SKU_01,134
2023-03-05,SKU_01,128
2023-03-06,SKU_01,76
2023-03-07,SKU_01,90
2023-03-08,SKU_01,99
2023-03-09,SKU_01,97
2023-03-10,SKU_01,91
2023-03-11,SKU_01,129
2023-03-12,SKU_01,123
2023-03-13,SKU_01,112
2023-03-14,SKU_01,94
2023-03-15,SKU_01,97
2023-03-16,SKU_01,104
2023-03-17,SKU_01,97
2023-03-18,SKU_01,134
2023-03-19,SKU_01,138
2023-03-20,SKU_01,108
2023-03-21,SKU_01,104
2023-03-22,SKU_01,98
2023-03-23,SKU_01,106
2023-03-24,SKU_01,123
2023-03-25,SKU_01,134
2023-03-26,SKU_01,136
2023-03-27,SKU_01,90
2023-03-28,SKU_01,104
2023-03-29,SKU_01,101
2023-03-30,SKU_01,76
2023-03-31,SKU_01,100
2023-04-01,SKU_01,110
2023-04-02,SKU_01,142
2023-04-03,SKU_01,108
2023-04-04,SKU_01,87
2023-04-05,SKU_01,95
2023-04-06,SKU_01,109
2023-04-07,SKU_01,98
2023-04-08,SKU_01,147
2023-04-09,SKU_01,150
2023-04-10,SKU_01,94
2023-04-11,SKU_01,100
2023-04-12,SKU_01,106
2023-04-13,SKU_01,93
2023-04-14,SKU_01,101
2023-04-15,SKU_01,127
2023-04-16,SKU_01,138
2023-04-17,SKU_01,94
2023-04-18,SKU_01,114
2023-04-19,SKU_01,104
2023-04-20,SKU_01,81
2023-04-21,SKU_01,84
2023-04-22,SKU_01,140
2023-04-23,SKU_01,129
2023-04-24,SKU_01,83
2023-04-25,SKU_01,86
2023-04-26,SKU_01,87
2023-04-27,SKU_01,93
2023-04-28,SKU_01,89
2023-04-29,SKU_01,142
2023-04-30,SKU_01,139
2023-05-01,SKU_01,105
2023-05-02,SKU_01,73
2023-05-03,SKU_01,95
2023-05-04,SKU_01,100
2023-05-05,SKU_01,102
2023-05-06,SKU_01,128
2023-05-07,SKU_01,120
2023-05-08,SKU_01,91
2023-05-09,SKU_01,91
2023-05-10,SKU_01,101
2023-05-11,SKU_01,99
2023-05-12,SKU_01,104
2023-05-13,SKU_01,140
2023-05-14,SKU_01,131
2023-05-15,SKU_01,79
2023-05-16,SKU_01,93
2023-05-17,SKU_01,89
2023-05-18,SKU_01,98
2023-05-19,SKU_01,89
2023-05-20,SKU_01,125
2023-05-21,SKU_01,140
2023-05-22,SKU_01,112
2023-05-23,SKU_01,83
2023-05-24,SKU_01,113
2023-05-25,SKU_01,104
2023-05-26,SKU_01,93
2023-05-27,SKU_01,130
2023-05-28,SKU_01,135
2023-05-29,SKU_01,102
2023-05-30,SKU_01,92
2023-05-31,SKU_01,104
2023-06-01,SKU_01,93
2023-06-02,SKU_01,98
2023-06-03,SKU_01,115
2023-06-04,SKU_01,139
2023-06-05,SKU_01,107
2023-06-06,SKU_01,94
2023-06-07,SKU_01,91
2023-06-08,SKU_01,101
2023-06-09,SKU_01,109
2023-06-10,SKU_01,135
2023-06-11,SKU_01,140
2023-06-12,SKU_01,96
2023-06-13,SKU_01,82
2023-06-14,SKU_01,99
2023-06-15,SKU_01,105
2023-06-16,SKU_01,100
2023-06-17,SKU_01,147
2023-06-18,SKU_01,128
2023-06-19,SKU_01,93
2023-06-20,SKU_01,93
2023-06-21,SKU_01,100
2023-06-22,SKU_01,100
2023-06-23,SKU_01,75
2023-06-24,SKU_01,131
2023-06-25,SKU_01,143
2023-06-26,SKU_01,113
2023-06-27,SKU_01,82
2023-06-28,SKU_01,99
2023-06-29,SKU_01,102
2023-06-30,SKU_01,92
2023-07-01,SKU_01,125
2023-07-02,SKU_01,130
2023-07-03,SKU_01,89
2023-07-04,SKU_01,107
2023-07-05,SKU_01,83
2023-07-06,SKU_01,105
2023-07-07,SKU_01,94
2023-07-08,SKU_01,129
2023-07-09,SKU_01,131
2023-07-10,SKU_01,86
2023-07-11,SKU_01,77
2023-07-12,SKU_01,86
2023-07-13,SKU_01,83
2023-07-14,SKU_01,107
2023-07-15,SKU_01,122
2023-07-16,SKU_01,116
2023-07-17,SKU_01,91
2023-07-18,SKU_01,110
2023-07-19,SKU_01,77
2023-07-20,SKU_01,99
2023-07-21,SKU_01,81
2023-07-22,SKU_01,136
2023-07-23,SKU_01,126
2023-07-24,SKU_01,79
2023-07-25,SKU_01,111
2023-07-26,SKU_01,84
2023-07-27,SKU_01,98
2023-07-28,SKU_01,83
2023-07-29,SKU_01,113
2023-07-30,SKU_01,135
2023-07-31,SKU_01,111
2023-08-01,SKU_01,86
2023-08-02,SKU_01,108
2023-08-03,SKU_01,87
2023-08-04,SKU_01,90
2023-08-05,SKU_01,146
2023-08-06,SKU_01,140
2023-08-07,SKU_01,76
2023-08-08,SKU_01,96
2023-08-09,SKU_01,100
2023-08-10,SKU_01,108
2023-08-11,SKU_01,94
2023-08-12,SKU_01,139
2023-08-13,SKU_01,132
2023-08-14,SKU_01,99
2023-08-15,SKU_01,96
2023-08-16,SKU_01,108
2023-08-17,SKU_01,99
2023-08-18,SKU_01,77
2023-08-19,SKU_01,145
2023-08-20,SKU_01,108
2023-08-21,SKU_01,109
2023-08-22,SKU_01,104
2023-08-23,SKU_01,94
2023-08-24,SKU_01,100
2023-08-25,SKU_01,107
2023-08-26,SKU_01,143
2023-08-27,SKU_01,128
2023-08-28,SKU_01,101
2023-08-29,SKU_01,83
2023-08-30,SKU_01,92
2023-08-31,SKU_01,102
2023-09-01,SKU_01,118
2023-09-02,SKU_01,126
2023-09-03,SKU_01,122
2023-09-04,SKU_01,104
2023-09-05,SKU_01,99
2023-09-06,SKU_01,94
2023-09-07,SKU_01,86
2023-09-08,SKU_01,89
2023-09-09,SKU_01,154
2023-09-10,SKU_01,138
2023-09-11,SKU_01,103
2023-09-12,SKU_01,105
2023-09-13,SKU_01,79
2023-09-14,SKU_01,99
2023-09-15,SKU_01,101
2023-09-16,SKU_01,118
2023-09-17,SKU_01,121
2023-09-18,SKU_01,77
2023-09-19,SKU_01,95
2023-09-20,SKU_01,97
2023-09-21,SKU_01,103
2023-09-22,SKU_01,92
2023-09-23,SKU_01,133
2023-09-24,SKU_01,129
2023-09-25,SKU_01,81
2023-09-26,SKU_01,101
2023-09-27,SKU_01,107
2023-09-28,SKU_01,95
2023-09-29,SKU_01,99
2023-09-30,SKU_01,139
2023-10-01,SKU_01,118
2023-10-02,SKU_01,98
2023-10-03,SKU_01,93
2023-10-04,SKU_01,90
2023-10-05,SKU_01,96
2023-10-06,SKU_01,81
2023-10-07,SKU_01,139
2023-10-08,SKU_01,143
2023-10-09,SKU_01,94
2023-10-10,SKU_01,89
2023-10-11,SKU_01,102
2023-10-12,SKU_01,92
2023-10-13,SKU_01,86
2023-10-14,SKU_01,131
2023-10-15,SKU_01,140
2023-10-16,SKU_01,81
2023-10-17,SKU_01,86
2023-10-18,SKU_01,95
2023-10-19,SKU_01,98
2023-10-20,SKU_01,104
2023-10-21,SKU_01,114
2023-10-22,SKU_01,145
2023-10-23,SKU_01,89
2023-10-24,SKU_01,90
2023-10-25,SKU_01,102
2023-10-26,SKU_01,90
2023-10-27,SKU_01,100
2023-10-28,SKU_01,142
2023-10-29,SKU_01,144
2023-10-30,SKU_01,102
2023-10-31,SKU_01,98
2023-11-01,SKU_01,103
2023-11-02,SKU_01,95
2023-11-03,SKU_01,79
2023-11-04,SKU_01,116
2023-11-05,SKU_01,132
2023-11-06,SKU_01,94
2023-11-07,SKU_01,74
2023-11-08,SKU_01,89
2023-11-09,SKU_01,113
2023-11-10,SKU_01,103
2023-11-11,SKU_01,133
2023-11-12,SKU_01,130
2023-11-13,SKU_01,79
2023-11-14,SKU_01,96
2023-11-15,SKU_01,101
2023-11-16,SKU_01,101
2023-11-17,SKU_01,103
2023-11-18,SKU_01,114
2023-11-19,SKU_01,122
2023-11-20,SKU_01,79
2023-11-21,SKU_01,83
2023-11-22,SKU_01,115
2023-11-23,SKU_01,84
2023-11-24,SKU_01,90
2023-11-25,SKU_01,139
2023-11-26,SKU_01,134
2023-11-27,SKU_01,96
2023-11-28,SKU_01,99
2023-11-29,SKU_01,85
2023-11-30,SKU_01,96
2023-12-01,SKU_01,96
2023-12-02,SKU_01,142
2023-12-03,SKU_01,128
2023-12-04,SKU_01,88
2023-12-05,SKU_01,100
2023-12-06,SKU_01,86
2023-12-07,SKU_01,86
2023-12-08,SKU_01,107
2023-12-09,SKU_01,122
2023-12-10,SKU_01,136
2023-12-11,SKU_01,93
2023-12-12,SKU_01,91
2023-12-13,SKU_01,98
2023-12-14,SKU_01,83
2023-12-15,SKU_01,95
2023-12-16,SKU_01,129
2023-12-17,SKU_01,129
2023-12-18,SKU_01,107
2023-12-19,SKU_01,88
2023-12-20,SKU_01,85
2023-12-21,SKU_01,100
2023-12-22,SKU_01,117
2023-12-23,SKU_01,124
2023-12-24,SKU_01,129
2023-12-25,SKU_01,104
2023-12-26,SKU_01,95
2023-12-27,SKU_01,84
2023-12-28,SKU_01,110
2023-12-29,SKU_01,92
2023-12-30,SKU_01,134
2023-12-31,SKU_01,140
2024-01-01,SKU_01,97
2024-01-02,SKU_01,109
2024-01-03,SKU_01,113
2024-01-04,SKU_01,111
2024-01-05,SKU_01,121
2024-01-06,SKU_01,128
2024-01-07,SKU_01,135
2024-01-08,SKU_01,102
2024-01-09,SKU_01,103
2024-01-10,SKU_01,89
2024-01-11,SKU_01,97
2024-01-12,SKU_01,97
2024-01-13,SKU_01,144
2024-01-14,SKU_01,135
2024-01-15,SKU_01,81
2024-01-16,SKU_01,113
2024-01-17,SKU_01,90
2024-01-18,SKU_01,80
2024-01-19,SKU_01,96
2024-01-20,SKU_01,130
2024-01-21,SKU_01,156
2024-01-22,SKU_01,99
2024-01-23,SKU_01,122
2024-01-24,SKU_01,100
2024-01-25,SKU_01,87
2024-01-26,SKU_01,99
2024-01-27,SKU_01,148
2024-01-28,SKU_01,138
2024-01-29,SKU_01,99
2024-01-30,SKU_01,107
2024-01-31,SKU_01,99
2024-02-01,SKU_01,84
2024-02-02,SKU_01,102
2024-02-03,SKU_01,136
2024-02-04,SKU_01,149
2024-02-05,SKU_01,109
2024-02-06,SKU_01,95
2024-02-07,SKU_01,126
2024-02-08,SKU_01,105
2024-02-09,SKU_01,96
2024-02-10,SKU_01,127
2024-02-11,SKU_01,132
2024-02-12,SKU_01,93
2024-02-13,SKU_01,101
2024-02-14,SKU_01,104
2024-02-15,SKU_01,84
2024-02-16,SKU_01,100
2024-02-17,SKU_01,127
2024-02-18,SKU_01,116
2024-02-19,SKU_01,102
2024-02-20,SKU_01,113
2024-02-21,SKU_01,91
2024-02-22,SKU_01,94
2024-02-23,SKU_01,93
2024-02-24,SKU_01,119
2024-02-25,SKU_01,130
2024-02-26,SKU_01,80
2024-02-27,SKU_01,88
2024-02-28,SKU_01,110
2024-02-29,SKU_01,81
2024-03-01,SKU_01,109
2024-03-02,SKU_01,146
2024-03-03,SKU_01,140
2024-03-04,SKU_01,98
2024-03-05,SKU_01,107
2024-03-06,SKU_01,108
2024-03-07,SKU_01,82
2024-03-08,SKU_01,78
2024-03-09,SKU_01,127
2024-03-10,SKU_01,146
2024-03-11,SKU_01,90
2024-03-12,SKU_01,99
2024-03-13,SKU_01,112
2024-03-14,SKU_01,94
2024-03-15,SKU_01,93
2024-03-16,SKU_01,110
2024-03-17,SKU_01,110
2024-03-18,SKU_01,92
2024-03-19,SKU_01,93
2024-03-20,SKU_01,95
2024-03-21,SKU_01,103
2024-03-22,SKU_01,91
2024-03-23,SKU_01,140
2024-03-24,SKU_01,139
2024-03-25,SKU_01,116
2024-03-26,SKU_01,92
2024-03-27,SKU_01,110
2024-03-28,SKU_01,102
2024-03-29,SKU_01,85
2024-03-30,SKU_01,136
2024-03-31,SKU_01,111
2024-04-01,SKU_01,88
2024-04-02,SKU_01,75
2024-04-03,SKU_01,90
2024-04-04,SKU_01,106
2024-04-05,SKU_01,85
2024-04-06,SKU_01,131
2024-04-07,SKU_01,136
2024-04-08,SKU_01,86
2024-04-09,SKU_01,90
2024-04-10,SKU_01,101
2024-04-11,SKU_01,100
2024-04-12,SKU_01,105
2024-04-13,SKU_01,144
2024-04-14,SKU_01,125
2024-04-15,SKU_01,81
2024-04-16,SKU_01,86
2024-04-17,SKU_01,91
2024-04-18,SKU_01,89
2024-04-19,SKU_01,98
2024-04-20,SKU_01,144
2024-04-21,SKU_01,147
2024-04-22,SKU_01,102
2024-04-23,SKU_01,97
2024-04-24,SKU_01,93
2024-04-25,SKU_01,95
2024-04-26,SKU_01,78
2024-04-27,SKU_01,128
2024-04-28,SKU_01,124
2024-04-29,SKU_01,103
2024-04-30,SKU_01,91
2024-05-01,SKU_01,100
2024-05-02,SKU_01,91
2024-05-03,SKU_01,100
2024-05-04,SKU_01,122
2024-05-05,SKU_01,136
2024-05-06,SKU_01,102
2024-05-07,SKU_01,93
2024-05-08,SKU_01,94
2024-05-09,SKU_01,118
2024-05-10,SKU_01,94
2024-05-11,SKU_01,133
2024-05-12,SKU_01,132
2024-05-13,SKU_01,94
2024-05-14,SKU_01,105
2024-05-15,SKU_01,90
2024-05-16,SKU_01,113
2024-05-17,SKU_01,77
2024-05-18,SKU_01,121
2024-05-19,SKU_01,155
2024-05-20,SKU_01,106
2024-05-21,SKU_01,110
2024-05-22,SKU_01,103
2024-05-23,SKU_01,89
2024-05-24,SKU_01,83
2024-05-25,SKU_01,151
2024-05-26,SKU_01,137
2024-05-27,SKU_01,107
2024-05-28,SKU_01,103
2024-05-29,SKU_01,109
2024-05-30,SKU_01,114
2024-05-31,SKU_01,100
2024-06-01,SKU_01,123
2024-06-02,SKU_01,118
2024-06-03,SKU_01,108
2024-06-04,SKU_01,118
2024-06-05,SKU_01,73
2024-06-06,SKU_01,122
2024-06-07,SKU_01,92
2024-06-08,SKU_01,145
2024-06-09,SKU_01,144
2024-06-10,SKU_01,109
2024-06-11,SKU_01,99
2024-06-12,SKU_01,89
2024-06-13,SKU_01,95
2024-06-14,SKU_01,114
2024-06-15,SKU_01,138
2024-06-16,SKU_01,134
2024-06-17,SKU_01,99
2024-06-18,SKU_01,87
2024-06-19,SKU_01,106
2024-06-20,SKU_01,87
2024-06-21,SKU_01,86
2024-06-22,SKU_01,141
2024-06-23,SKU_01,140
2024-06-24,SKU_01,90
2024-06-25,SKU_01,105
2024-06-26,SKU_01,93
2024-06-27,SKU_01,90
2024-06-28,SKU_01,96
2024-06-29,SKU_01,137
2024-06-30,SKU_01,148
2024-07-01,SKU_01,71
2024-07-02,SKU_01,92
2024-07-03,SKU_01,105
2024-07-04,SKU_01,103
2024-07-05,SKU_01,116
2024-07-06,SKU_01,146
2024-07-07,SKU_01,130
2024-07-08,SKU_01,98
2024-07-09,SKU_01,94
2024-07-10,SKU_01,97
2024-07-11,SKU_01,84
2024-07-12,SKU_01,110
2024-07-13,SKU_01,136
2024-07-14,SKU_01,134
2024-07-15,SKU_01,88
2024-07-16,SKU_01,95
2024-07-17,SKU_01,110
2024-07-18,SKU_01,93
2024-07-19,SKU_01,108
2024-07-20,SKU_01,137
2024-07-21,SKU_01,133
2024-07-22,SKU_01,106
2024-07-23,SKU_01,81
2024-07-24,SKU_01,96
2024-07-25,SKU_01,96
2024-07-26,SKU_01,96
2024-07-27,SKU_01,124
2024-07-28,SKU_01,128
2024-07-29,SKU_01,89
2024-07-30,SKU_01,94
2024-07-31,SKU_01,103
2024-08-01,SKU_01,76
2024-08-02,SKU_01,102
2024-08-03,SKU_01,137
2024-08-04,SKU_01,135
2024-08-05,SKU_01,92
2024-08-06,SKU_01,104
2024-08-07,SKU_01,79
2024-08-08,SKU_01,83
2024-08-09,SKU_01,101
2024-08-10,SKU_01,131
2024-08-11,SKU_01,118
2024-08-12,SKU_01,90
2024-08-13,SKU_01,112
2024-08-14,SKU_01,104
2024-08-15,SKU_01,96
2024-08-16,SKU_01,78
2024-08-17,SKU_01,136
2024-08-18,SKU_01,133
2024-08-19,SKU_01,83
2024-08-20,SKU_01,98
2024-08-21,SKU_01,95
2024-08-22,SKU_01,116
2024-08-23,SKU_01,92
2024-08-24,SKU_01,135
2024-08-25,SKU_01,132
2024-08-26,SKU_01,96
2024-08-27,SKU_01,94
2024-08-28,SKU_01,106
2024-08-29,SKU_01,90
2024-08-30,SKU_01,96
2024-08-31,SKU_01,134
2024-09-01,SKU_01,145
2024-09-02,SKU_01,99
2024-09-03,SKU_01,105
2024-09-04,SKU_01,101
2024-09-05,SKU_01,99
2024-09-06,SKU_01,90
2024-09-07,SKU_01,141
2024-09-08,SKU_01,144
2024-09-09,SKU_01,90
2024-09-10,SKU_01,108
2024-09-11,SKU_01,112
2024-09-12,SKU_01,97
2024-09-13,SKU_01,70
2024-09-14,SKU_01,116
2024-09-15,SKU_01,131
2024-09-16,SKU_01,113
2024-09-17,SKU_01,100
2024-09-18,SKU_01,89
2024-09-19,SKU_01,82
2024-09-20,SKU_01,105
2024-09-21,SKU_01,128
2024-09-22,SKU_01,122
2024-09-23,SKU_01,80
2024-09-24,SKU_01,106
2024-09-25,SKU_01,113
2024-09-26,SKU_01,93
2024-09-27,SKU_01,106
2024-09-28,SKU_01,132
2024-09-29,SKU_01,125
2024-09-30,SKU_01,102
2024-10-01,SKU_01,77
2024-10-02,SKU_01,89
2024-10-03,SKU_01,106
2024-10-04,SKU_01,83
2024-10-05,SKU_01,132
2024-10-06,SKU_01,145
2024-10-07,SKU_01,90
2024-10-08,SKU_01,81
2024-10-09,SKU_01,79
2024-10-10,SKU_01,95
2024-10-11,SKU_01,91
2024-10-12,SKU_01,138
2024-10-13,SKU_01,121
2024-10-14,SKU_01,81
2024-10-15,SKU_01,86
2024-10-16,SKU_01,83
2024-10-17,SKU_01,94
2024-10-18,SKU_01,89
2024-10-19,SKU_01,136
2024-10-20,SKU_01,137
2024-10-21,SKU_01,94
2024-10-22,SKU_01,94
2024-10-23,SKU_01,109
2024-10-24,SKU_01,101
2024-10-25,SKU_01,88
2024-10-26,SKU_01,149
2024-10-27,SKU_01,132
2024-10-28,SKU_01,90
2024-10-29,SKU_01,113
2024-10-30,SKU_01,100
2024-10-31,SKU_01,101
2024-11-01,SKU_01,99
2024-11-02,SKU_01,126
2024-11-03,SKU_01,139
2024-11-04,SKU_01,96
2024-11-05,SKU_01,97
2024-11-06,SKU_01,104
2024-11-07,SKU_01,95
2024-11-08,SKU_01,80
2024-11-09,SKU_01,139
2024-11-10,SKU_01,136
2024-11-11,SKU_01,108
2024-11-12,SKU_01,90
2024-11-13,SKU_01,95
2024-11-14,SKU_01,110
2024-11-15,SKU_01,79
2024-11-16,SKU_01,126
2024-11-17,SKU_01,124
2024-11-18,SKU_01,99
2024-11-19,SKU_01,102
2024-11-20,SKU_01,106
2024-11-21,SKU_01,77
2024-11-22,SKU_01,110
2024-11-23,SKU_01,130
2024-11-24,SKU_01,130
2024-11-25,SKU_01,121
2024-11-26,SKU_01,84
2024-11-27,SKU_01,113
2024-11-28,SKU_01,93
2024-11-29,SKU_01,98
2024-11-30,SKU_01,156
2024-12-01,SKU_01,111
2024-12-02,SKU_01,90
2024-12-03,SKU_01,93
2024-12-04,SKU_01,77
2024-12-05,SKU_01,99
2024-12-06,SKU_01,101
2024-12-07,SKU_01,133
2024-12-08,SKU_01,140
2024-12-09,SKU_01,78
2024-12-10,SKU_01,88
2024-12-11,SKU_01,100
2024-12-12,SKU_01,111
2024-12-13,SKU_01,103
2024-12-14,SKU_01,136
2024-12-15,SKU_01,142
2024-12-16,SKU_01,94
2024-12-17,SKU_01,107
2024-12-18,SKU_01,76
2024-12-19,SKU_01,93
2024-12-20,SKU_01,114
2024-12-21,SKU_01,129
2024-12-22,SKU_01,142
2024-12-23,SKU_01,85
2024-12-24,SKU_01,73
2024-12-25,SKU_01,88
2024-12-26,SKU_01,102
2024-12-27,SKU_01,91
2024-12-28,SKU_01,141
2024-12-29,SKU_01,125
2024-12-30,SKU_01,102
2024-12-31,SKU_01,91
2025-01-01,SKU_01,96
2025-01-02,SKU_01,101
2025-01-03,SKU_01,87
2025-01-04,SKU_01,144
2025-01-05,SKU_01,137
2025-01-06,SKU_01,84
2025-01-07,SKU_01,95
2025-01-08,SKU_01,98
2025-01-09,SKU_01,97
2025-01-10,SKU_01,100
2025-01-11,SKU_01,135
2025-01-12,SKU_01,123
2025-01-13,SKU_01,92
2025-01-14,SKU_01,104
2025-01-15,SKU_01,99
2025-01-16,SKU_01,100
2025-01-17,SKU_01,78
2025-01-18,SKU_01,142
2025-01-19,SKU_01,140
2025-01-20,SKU_01,95
2025-01-21,SKU_01,87
2025-01-22,SKU_01,96
2025-01-23,SKU_01,97
2025-01-24,SKU_01,84
2025-01-25,SKU_01,121
2025-01-26,SKU_01,138
2025-01-27,SKU_01,102
2025-01-28,SKU_01,96
2025-01-29,SKU_01,99
2025-01-30,SKU_01,86
2025-01-31,SKU_01,104
2025-02-01,SKU_01,148
2025-02-02,SKU_01,132
2025-02-03,SKU_01,93
2025-02-04,SKU_01,92
2025-02-05,SKU_01,83
2025-02-06,SKU_01,87
2025-02-07,SKU_01,92
2025-02-08,SKU_01,140
2025-02-09,SKU_01,144
2025-02-10,SKU_01,92
2025-02-11,SKU_01,92
2025-02-12,SKU_01,96
2025-02-13,SKU_01,89
2025-02-14,SKU_01,89
2025-02-15,SKU_01,143
2025-02-16,SKU_01,130
2025-02-17,SKU_01,89
2025-02-18,SKU_01,102
2025-02-19,SKU_01,109
2025-02-20,SKU_01,106
2025-02-21,SKU_01,99
2025-02-22,SKU_01,114
2025-02-23,SKU_01,124
2025-02-24,SKU_01,93
2025-02-25,SKU_01,95
2025-02-26,SKU_01,105
2025-02-27,SKU_01,86
2025-02-28,SKU_01,95
2025-03-01,SKU_01,136
2025-03-02,SKU_01,160
2025-03-03,SKU_01,91
2025-03-04,SKU_01,89
2025-03-05,SKU_01,83
2025-03-06,SKU_01,101
2025-03-07,SKU_01,90
2025-03-08,SKU_01,148
2025-03-09,SKU_01,137
2025-03-10,SKU_01,116
2025-03-11,SKU_01,75
2025-03-12,SKU_01,98
2025-03-13,SKU_01,112
2025-03-14,SKU_01,87
2025-03-15,SKU_01,116
2025-03-16,SKU_01,125
2025-03-17,SKU_01,91
2025-03-18,SKU_01,115
2025-03-19,SKU_01,87
2025-03-20,SKU_01,96
2025-03-21,SKU_01,86
2025-03-22,SKU_01,153
2025-03-23,SKU_01,123
2025-03-24,SKU_01,109
2025-03-25,SKU_01,96
2025-03-26,SKU_01,95
2025-03-27,SKU_01,99
2025-03-28,SKU_01,92
2025-03-29,SKU_01,143
2025-03-30,SKU_01,139
2025-03-31,SKU_01,108
2025-04-01,SKU_01,96
2025-04-02,SKU_01,94
2025-04-03,SKU_01,97
2025-04-04,SKU_01,97
2025-04-05,SKU_01,138
2025-04-06,SKU_01,126
2025-04-07,SKU_01,93
2025-04-08,SKU_01,91
2025-04-09,SKU_01,91
2025-04-10,SKU_01,104
2025-04-11,SKU_01,105
2025-04-12,SKU_01,132
2025-04-13,SKU_01,134
2025-04-14,SKU_01,95
2025-04-15,SKU_01,103
2025-04-16,SKU_01,87
2025-04-17,SKU_01,86
2025-04-18,SKU_01,104
2025-04-19,SKU_01,125
2025-04-20,SKU_01,139
2025-04-21,SKU_01,100
2025-04-22,SKU_01,94
2025-04-23,SKU_01,95
2025-04-24,SKU_01,84
2025-04-25,SKU_01,90
2025-04-26,SKU_01,137
2025-04-27,SKU_01,139
2025-04-28,SKU_01,74
2025-04-29,SKU_01,104
2025-04-30,SKU_01,106
2025-05-01,SKU_01,94
2025-05-02,SKU_01,106
2025-05-03,SKU_01,133
2025-05-04,SKU_01,148
2025-05-05,SKU_01,71
2025-05-06,SKU_01,93
2025-05-07,SKU_01,74
2025-05-08,SKU_01,82
2025-05-09,SKU_01,88
2025-05-10,SKU_01,132
2025-05-11,SKU_01,130
2025-05-12,SKU_01,106
2025-05-13,SKU_01,91
2025-05-14,SKU_01,70
2025-05-15,SKU_01,103
2025-05-16,SKU_01,97
2025-05-17,SKU_01,136
2025-05-18,SKU_01,157
2025-05-19,SKU_01,106
2025-05-20,SKU_01,94
2025-05-21,SKU_01,98
2025-05-22,SKU_01,95
2025-05-23,SKU_01,93
2025-05-24,SKU_01,145
2025-05-25,SKU_01,141
2025-05-26,SKU_01,96
2025-05-27,SKU_01,100
2025-05-28,SKU_01,110
2025-05-29,SKU_01,91
2025-05-30,SKU_01,99
2025-05-31,SKU_01,128
2025-06-01,SKU_01,121
2025-06-02,SKU_01,93
2025-06-03,SKU_01,73
2025-06-04,SKU_01,90
2025-06-05,SKU_01,103
2025-06-06,SKU_01,90
2025-06-07,SKU_01,130
2025-06-08,SKU_01,126
2025-06-09,SKU_01,91
2025-06-10,SKU_01,103
2025-06-11,SKU_01,105
2025-06-12,SKU_01,100
2025-06-13,SKU_01,110
2025-06-14,SKU_01,136
2025-06-15,SKU_01,133
2025-06-16,SKU_01,99
2025-06-17,SKU_01,89
2025-06-18,SKU_01,83
2025-06-19,SKU_01,81
2025-06-20,SKU_01,110
2025-06-21,SKU_01,142
2025-06-22,SKU_01,138
2025-06-23,SKU_01,91
2025-06-24,SKU_01,105
2025-06-25,SKU_01,106
2025-06-26,SKU_01,115
2025-06-27,SKU_01,81
2025-06-28,SKU_01,145
2025-06-29,SKU_01,139
2025-06-30,SKU_01,70
2025-07-01,SKU_01,88
2025-07-02,SKU_01,95
2025-07-03,SKU_01,87
2025-07-04,SKU_01,81
2025-07-05,SKU_01,123
2025-07-06,SKU_01,133
2025-07-07,SKU_01,90
2025-07-08,SKU_01,98
2025-07-09,SKU_01,97
2025-07-10,SKU_01,85
2025-07-11,SKU_01,78
2025-07-12,SKU_01,130
2025-07-13,SKU_01,144
2025-07-14,SKU_01,110
2025-07-15,SKU_01,96
2025-07-16,SKU_01,82
2025-07-17,SKU_01,91
2025-07-18,SKU_01,123
2025-07-19,SKU_01,129
2025-07-20,SKU_01,126
2025-07-21,SKU_01,99
2025-07-22,SKU_01,122
2025-07-23,SKU_01,87
2025-07-24,SKU_01,79
2025-07-25,SKU_01,93
2025-07-26,SKU_01,128
2025-07-27,SKU_01,127
2025-07-28,SKU_01,91
2025-07-29,SKU_01,99
2025-07-30,SKU_01,88
2025-07-31,SKU_01,98
2025-08-01,SKU_01,104
2025-08-02,SKU_01,148
2025-08-03,SKU_01,135
2025-08-04,SKU_01,98
2025-08-05,SKU_01,108
2025-08-06,SKU_01,103
2025-08-07,SKU_01,94
2025-08-08,SKU_01,84
2025-08-09,SKU_01,146
2025-08-10,SKU_01,139
2025-08-11,SKU_01,70
2025-08-12,SKU_01,104
2025-08-13,SKU_01,107
2025-08-14,SKU_01,87
2025-08-15,SKU_01,107
2025-08-16,SKU_01,155
2025-08-17,SKU_01,133
2025-08-18,SKU_01,93
2025-08-19,SKU_01,101
2025-08-20,SKU_01,86
2025-08-21,SKU_01,125
2025-08-22,SKU_01,91
2025-08-23,SKU_01,131
2025-08-24,SKU_01,121
2025-08-25,SKU_01,102
2025-08-26,SKU_01,100
2025-08-27,SKU_01,111
2025-08-28,SKU_01,109
2025-08-29,SKU_01,102
2025-08-30,SKU_01,118
2025-08-31,SKU_01,134
2025-09-01,SKU_01,102
2025-09-02,SKU_01,106
2025-09-03,SKU_01,87
2025-09-04,SKU_01,98
2025-09-05,SKU_01,111
2025-09-06,SKU_01,141
2025-09-07,SKU_01,144
2025-09-08,SKU_01,85
2025-09-09,SKU_01,93
2025-09-10,SKU_01,86
2025-09-11,SKU_01,105
2025-09-12,SKU_01,86
2025-09-13,SKU_01,126
2025-09-14,SKU_01,125
2025-09-15,SKU_01,101
2025-09-16,SKU_01,99
2025-09-17,SKU_01,99
2025-09-18,SKU_01,109
2025-09-19,SKU_01,85
2025-09-20,SKU_01,127
2025-09-21,SKU_01,133
2025-09-22,SKU_01,118
2025-09-23,SKU_01,105
2025-09-24,SKU_01,103
2025-09-25,SKU_01,87
2025-09-26,SKU_01,100
2023-01-01,SKU_02,67
2023-01-02,SKU_02,46
2023-01-03,SKU_02,37
2023-01-04,SKU_02,48
2023-01-05,SKU_02,41
2023-01-06,SKU_02,47
2023-01-07,SKU_02,71
2023-01-08,SKU_02,61
2023-01-09,SKU_02,33
2023-01-10,SKU_02,55
2023-01-11,SKU_02,57
2023-01-12,SKU_02,62
2023-01-13,SKU_02,41
2023-01-14,SKU_02,64
2023-01-15,SKU_02,71
2023-01-16,SKU_02,45
2023-01-17,SKU_02,61
2023-01-18,SKU_02,68
2023-01-19,SKU_02,58
2023-01-20,SKU_02,65
2023-01-21,SKU_02,68
2023-01-22,SKU_02,92
2023-01-23,SKU_02,42
2023-01-24,SKU_02,46
2023-01-25,SKU_02,52
2023-01-26,SKU_02,44
2023-01-27,SKU_02,57
2023-01-28,SKU_02,74
2023-01-29,SKU_02,75
2023-01-30,SKU_02,53
2023-01-31,SKU_02,63
2023-02-01,SKU_02,43
2023-02-02,SKU_02,51
2023-02-03,SKU_02,54
2023-02-04,SKU_02,74
2023-02-05,SKU_02,71
2023-02-06,SKU_02,49
2023-02-07,SKU_02,48
2023-02-08,SKU_02,55
2023-02-09,SKU_02,55
2023-02-10,SKU_02,48
2023-02-11,SKU_02,71
2023-02-12,SKU_02,74
2023-02-13,SKU_02,60
2023-02-14,SKU_02,60
2023-02-15,SKU_02,57
2023-02-16,SKU_02,53
2023-02-17,SKU_02,64
2023-02-18,SKU_02,54
2023-02-19,SKU_02,90
2023-02-20,SKU_02,55
2023-02-21,SKU_02,67
2023-02-22,SKU_02,54
2023-02-23,SKU_02,27
2023-02-24,SKU_02,58
2023-02-25,SKU_02,81
2023-02-26,SKU_02,87
2023-02-27,SKU_02,35
2023-02-28,SKU_02,44
2023-03-01,SKU_02,54
2023-03-02,SKU_02,51
2023-03-03,SKU_02,34
2023-03-04,SKU_02,82
2023-03-05,SKU_02,76
2023-03-06,SKU_02,46
2023-03-07,SKU_02,65
2023-03-08,SKU_02,53
2023-03-09,SKU_02,41
2023-03-10,SKU_02,50
2023-03-11,SKU_02,55
2023-03-12,SKU_02,65
2023-03-13,SKU_02,44
2023-03-14,SKU_02,63
2023-03-15,SKU_02,57
2023-03-16,SKU_02,45
2023-03-17,SKU_02,60
2023-03-18,SKU_02,91
2023-03-19,SKU_02,67
2023-03-20,SKU_02,50
2023-03-21,SKU_02,48
2023-03-22,SKU_02,67
2023-03-23,SKU_02,63
2023-03-24,SKU_02,59
2023-03-25,SKU_02,61
2023-03-26,SKU_02,64
2023-03-27,SKU_02,59
2023-03-28,SKU_02,54
2023-03-29,SKU_02,45
2023-03-30,SKU_02,57
2023-03-31,SKU_02,39
2023-04-01,SKU_02,79
2023-04-02,SKU_02,63
2023-04-03,SKU_02,56
2023-04-04,SKU_02,75
2023-04-05,SKU_02,54
2023-04-06,SKU_02,49
2023-04-07,SKU_02,52
2023-04-08,SKU_02,75
2023-04-09,SKU_02,61
2023-04-10,SKU_02,61
2023-04-11,SKU_02,47
2023-04-12,SKU_02,48
2023-04-13,SKU_02,57
2023-04-14,SKU_02,58
2023-04-15,SKU_02,69
2023-04-16,SKU_02,66
2023-04-17,SKU_02,50
2023-04-18,SKU_02,56
2023-04-19,SKU_02,65
2023-04-20,SKU_02,54
2023-04-21,SKU_02,37
2023-04-22,SKU_02,68
2023-04-23,SKU_02,73
2023-04-24,SKU_02,38
2023-04-25,SKU_02,70
2023-04-26,SKU_02,46
2023-04-27,SKU_02,53
2023-04-28,SKU_02,76
2023-04-29,SKU_02,64
2023-04-30,SKU_02,85
2023-05-01,SKU_02,27
2023-05-02,SKU_02,43
2023-05-03,SKU_02,51
2023-05-04,SKU_02,47
2023-05-05,SKU_02,60
2023-05-06,SKU_02,76
2023-05-07,SKU_02,76
2023-05-08,SKU_02,48
2023-05-09,SKU_02,66
2023-05-10,SKU_02,58
2023-05-11,SKU_02,49
2023-05-12,SKU_02,56
2023-05-13,SKU_02,79
2023-05-14,SKU_02,68
2023-05-15,SKU_02,61
2023-05-16,SKU_02,56
2023-05-17,SKU_02,66
2023-05-18,SKU_02,54
2023-05-19,SKU_02,39
2023-05-20,SKU_02,83
2023-05-21,SKU_02,62
2023-05-22,SKU_02,41
2023-05-23,SKU_02,71
2023-05-24,SKU_02,41
2023-05-25,SKU_02,47
2023-05-26,SKU_02,36
2023-05-27,SKU_02,60
2023-05-28,SKU_02,85
2023-05-29,SKU_02,51
2023-05-30,SKU_02,53
2023-05-31,SKU_02,31
2023-06-01,SKU_02,61
2023-06-02,SKU_02,46
2023-06-03,SKU_02,78
2023-06-04,SKU_02,72
2023-06-05,SKU_02,53
2023-06-06,SKU_02,62
2023-06-07,SKU_02,60
2023-06-08,SKU_02,43
2023-06-09,SKU_02,61
2023-06-10,SKU_02,69
2023-06-11,SKU_02,91
2023-06-12,SKU_02,59
2023-06-13,SKU_02,59
2023-06-14,SKU_02,48
2023-06-15,SKU_02,52
2023-06-16,SKU_02,57
2023-06-17,SKU_02,74
2023-06-18,SKU_02,92
2023-06-19,SKU_02,50
2023-06-20,SKU_02,58
2023-06-21,SKU_02,61
2023-06-22,SKU_02,45
2023-06-23,SKU_02,33
2023-06-24,SKU_02,72
2023-06-25,SKU_02,76
2023-06-26,SKU_02,49
2023-06-27,SKU_02,47
2023-06-28,SKU_02,57
2023-06-29,SKU_02,51
2023-06-30,SKU_02,35
2023-07-01,SKU_02,63
2023-07-02,SKU_02,72
2023-07-03,SKU_02,42
2023-07-04,SKU_02,61
2023-07-05,SKU_02,35
2023-07-06,SKU_02,60
2023-07-07,SKU_02,56
2023-07-08,SKU_02,79
2023-07-09,SKU_02,71
2023-07-10,SKU_02,46
2023-07-11,SKU_02,51
2023-07-12,SKU_02,50
2023-07-13,SKU_02,57
2023-07-14,SKU_02,45
2023-07-15,SKU_02,78
2023-07-16,SKU_02,66
2023-07-17,SKU_02,36
2023-07-18,SKU_02,43
2023-07-19,SKU_02,49
2023-07-20,SKU_02,59
2023-07-21,SKU_02,35
2023-07-22,SKU_02,66
2023-07-23,SKU_02,72
2023-07-24,SKU_02,58
2023-07-25,SKU_02,66
2023-07-26,SKU_02,47
2023-07-27,SKU_02,72
2023-07-28,SKU_02,43
2023-07-29,SKU_02,65
2023-07-30,SKU_02,94
2023-07-31,SKU_02,38
2023-08-01,SKU_02,57
2023-08-02,SKU_02,49
2023-08-03,SKU_02,66
2023-08-04,SKU_02,52
2023-08-05,SKU_02,75
2023-08-06,SKU_02,72
2023-08-07,SKU_02,52
2023-08-08,SKU_02,63
2023-08-09,SKU_02,67
2023-08-10,SKU_02,47
2023-08-11,SKU_02,64
2023-08-12,SKU_02,64
2023-08-13,SKU_02,81
2023-08-14,SKU_02,44
2023-08-15,SKU_02,49
2023-08-16,SKU_02,26
2023-08-17,SKU_02,64
2023-08-18,SKU_02,35
2023-08-19,SKU_02,51
2023-08-20,SKU_02,69
2023-08-21,SKU_02,54
2023-08-22,SKU_02,69
2023-08-23,SKU_02,51
2023-08-24,SKU_02,64
2023-08-25,SKU_02,59
2023-08-26,SKU_02,90
2023-08-27,SKU_02,67
2023-08-28,SKU_02,41
2023-08-29,SKU_02,62
2023-08-30,SKU_02,31
2023-08-31,SKU_02,63
2023-09-01,SKU_02,51
2023-09-02,SKU_02,64
2023-09-03,SKU_02,78
2023-09-04,SKU_02,50
2023-09-05,SKU_02,58
2023-09-06,SKU_02,61
2023-09-07,SKU_02,43
2023-09-08,SKU_02,60
2023-09-09,SKU_02,73
2023-09-10,SKU_02,46
2023-09-11,SKU_02,48
2023-09-12,SKU_02,58
2023-09-13,SKU_02,41
2023-09-14,SKU_02,53
2023-09-15,SKU_02,70
2023-09-16,SKU_02,83
2023-09-17,SKU_02,77
2023-09-18,SKU_02,48
2023-09-19,SKU_02,46
2023-09-20,SKU_02,47
2023-09-21,SKU_02,59
2023-09-22,SKU_02,54
2023-09-23,SKU_02,65
2023-09-24,SKU_02,89
2023-09-25,SKU_02,44
2023-09-26,SKU_02,42
2023-09-27,SKU_02,45
2023-09-28,SKU_02,50
2023-09-29,SKU_02,44
2023-09-30,SKU_02,77
2023-10-01,SKU_02,79
2023-10-02,SKU_02,58
2023-10-03,SKU_02,42
2023-10-04,SKU_02,31
2023-10-05,SKU_02,45
2023-10-06,SKU_02,57
2023-10-07,SKU_02,84
2023-10-08,SKU_02,84
2023-10-09,SKU_02,51
2023-10-10,SKU_02,57
2023-10-11,SKU_02,50
2023-10-12,SKU_02,62
2023-10-13,SKU_02,54
2023-10-14,SKU_02,69
2023-10-15,SKU_02,85
2023-10-16,SKU_02,60
2023-10-17,SKU_02,64
2023-10-18,SKU_02,39
2023-10-19,SKU_02,34
2023-10-20,SKU_02,62
2023-10-21,SKU_02,62
2023-10-22,SKU_02,71
2023-10-23,SKU_02,49
2023-10-24,SKU_02,58
2023-10-25,SKU_02,50
2023-10-26,SKU_02,53
2023-10-27,SKU_02,44
2023-10-28,SKU_02,82
2023-10-29,SKU_02,55
2023-10-30,SKU_02,74
2023-10-31,SKU_02,29
2023-11-01,SKU_02,54
2023-11-02,SKU_02,49
2023-11-03,SKU_02,53
2023-11-04,SKU_02,77
2023-11-05,SKU_02,75
2023-11-06,SKU_02,52
2023-11-07,SKU_02,58
2023-11-08,SKU_02,54
2023-11-09,SKU_02,47
2023-11-10,SKU_02,43
2023-11-11,SKU_02,65
2023-11-12,SKU_02,86
2023-11-13,SKU_02,41
2023-11-14,SKU_02,54
2023-11-15,SKU_02,53
2023-11-16,SKU_02,63
2023-11-17,SKU_02,60
2023-11-18,SKU_02,78
2023-11-19,SKU_02,60
2023-11-20,SKU_02,49
2023-11-21,SKU_02,68
2023-11-22,SKU_02,59
2023-11-23,SKU_02,54
2023-11-24,SKU_02,42
2023-11-25,SKU_02,82
2023-11-26,SKU_02,66
2023-11-27,SKU_02,54
2023-11-28,SKU_02,63
2023-11-29,SKU_02,44
2023-11-30,SKU_02,48
2023-12-01,SKU_02,56
2023-12-02,SKU_02,67
2023-12-03,SKU_02,64
2023-12-04,SKU_02,47
2023-12-05,SKU_02,73
2023-12-06,SKU_02,42
2023-12-07,SKU_02,52
2023-12-08,SKU_02,48
2023-12-09,SKU_02,80
2023-12-10,SKU_02,73
2023-12-11,SKU_02,58
2023-12-12,SKU_02,52
2023-12-13,SKU_02,50
2023-12-14,SKU_02,61
2023-12-15,SKU_02,39
2023-12-16,SKU_02,69
2023-12-17,SKU_02,74
2023-12-18,SKU_02,49
2023-12-19,SKU_02,73
2023-12-20,SKU_02,39
2023-12-21,SKU_02,37
2023-12-22,SKU_02,59
2023-12-23,SKU_02,68
2023-12-24,SKU_02,57
2023-12-25,SKU_02,32
2023-12-26,SKU_02,41
2023-12-27,SKU_02,41
2023-12-28,SKU_02,36
2023-12-29,SKU_02,55
2023-12-30,SKU_02,85
2023-12-31,SKU_02,83
2024-01-01,SKU_02,45
2024-01-02,SKU_02,34
2024-01-03,SKU_02,46
2024-01-04,SKU_02,50
2024-01-05,SKU_02,34
2024-01-06,SKU_02,72
2024-01-07,SKU_02,58
2024-01-08,SKU_02,49
2024-01-09,SKU_02,47
2024-01-10,SKU_02,47
2024-01-11,SKU_02,43
2024-01-12,SKU_02,48
2024-01-13,SKU_02,76
2024-01-14,SKU_02,63
2024-01-15,SKU_02,58
2024-01-16,SKU_02,58
2024-01-17,SKU_02,50
2024-01-18,SKU_02,60
2024-01-19,SKU_02,33
2024-01-20,SKU_02,68
2024-01-21,SKU_02,68
2024-01-22,SKU_02,41
2024-01-23,SKU_02,47
2024-01-24,SKU_02,46
2024-01-25,SKU_02,37
2024-01-26,SKU_02,44
2024-01-27,SKU_02,76
2024-01-28,SKU_02,71
2024-01-29,SKU_02,56
2024-01-30,SKU_02,45
2024-01-31,SKU_02,33
2024-02-01,SKU_02,53
2024-02-02,SKU_02,51
2024-02-03,SKU_02,67
2024-02-04,SKU_02,73
2024-02-05,SKU_02,53
2024-02-06,SKU_02,50
2024-02-07,SKU_02,35
2024-02-08,SKU_02,48
2024-02-09,SKU_02,52
2024-02-10,SKU_02,47
2024-02-11,SKU_02,81
2024-02-12,SKU_02,73
2024-02-13,SKU_02,61
2024-02-14,SKU_02,68
2024-02-15,SKU_02,60
2024-02-16,SKU_02,45
2024-02-17,SKU_02,71
2024-02-18,SKU_02,68
2024-02-19,SKU_02,55
2024-02-20,SKU_02,73
2024-02-21,SKU_02,38
2024-02-22,SKU_02,44
2024-02-23,SKU_02,54
2024-02-24,SKU_02,60
2024-02-25,SKU_02,66
2024-02-26,SKU_02,64
2024-02-27,SKU_02,50
2024-02-28,SKU_02,64
2024-02-29,SKU_02,52
2024-03-01,SKU_02,45
2024-03-02,SKU_02,81
2024-03-03,SKU_02,79
2024-03-04,SKU_02,54
2024-03-05,SKU_02,39
2024-03-06,SKU_02,54
2024-03-07,SKU_02,74
2024-03-08,SKU_02,59
2024-03-09,SKU_02,78
2024-03-10,SKU_02,65
2024-03-11,SKU_02,45
2024-03-12,SKU_02,60
2024-03-13,SKU_02,36
2024-03-14,SKU_02,30
2024-03-15,SKU_02,60
2024-03-16,SKU_02,84
2024-03-17,SKU_02,67
2024-03-18,SKU_02,68
2024-03-19,SKU_02,71
2024-03-20,SKU_02,44
2024-03-21,SKU_02,53
2024-03-22,SKU_02,57
2024-03-23,SKU_02,70
2024-03-24,SKU_02,73
2024-03-25,SKU_02,48
2024-03-26,SKU_02,67
2024-03-27,SKU_02,63
2024-03-28,SKU_02,66
2024-03-29,SKU_02,50
2024-03-30,SKU_02,59
2024-03-31,SKU_02,89
2024-04-01,SKU_02,54
2024-04-02,SKU_02,73
2024-04-03,SKU_02,54
2024-04-04,SKU_02,47
2024-04-05,SKU_02,39
2024-04-06,SKU_02,66
2024-04-07,SKU_02,81
2024-04-08,SKU_02,50
2024-04-09,SKU_02,74
2024-04-10,SKU_02,45
2024-04-11,SKU_02,43
2024-04-12,SKU_02,42
2024-04-13,SKU_02,64
2024-04-14,SKU_02,73
2024-04-15,SKU_02,63
2024-04-16,SKU_02,50
2024-04-17,SKU_02,43
2024-04-18,SKU_02,44
2024-04-19,SKU_02,45
2024-04-20,SKU_02,76
2024-04-21,SKU_02,61
2024-04-22,SKU_02,69
2024-04-23,SKU_02,51
2024-04-24,SKU_02,65
2024-04-25,SKU_02,66
2024-04-26,SKU_02,58
2024-04-27,SKU_02,72
2024-04-28,SKU_02,58
2024-04-29,SKU_02,41
2024-04-30,SKU_02,67
2024-05-01,SKU_02,51
2024-05-02,SKU_02,49
2024-05-03,SKU_02,56
2024-05-04,SKU_02,77
2024-05-05,SKU_02,73
2024-05-06,SKU_02,56
2024-05-07,SKU_02,68
2024-05-08,SKU_02,43
2024-05-09,SKU_02,42
2024-05-10,SKU_02,63
2024-05-11,SKU_02,59
2024-05-12,SKU_02,66
2024-05-13,SKU_02,45
2024-05-14,SKU_02,62
2024-05-15,SKU_02,46
2024-05-16,SKU_02,56
2024-05-17,SKU_02,68
2024-05-18,SKU_02,90
2024-05-19,SKU_02,77
2024-05-20,SKU_02,47
2024-05-21,SKU_02,42
2024-05-22,SKU_02,58
2024-05-23,SKU_02,49
2024-05-24,SKU_02,34
2024-05-25,SKU_02,73
2024-05-26,SKU_02,80
2024-05-27,SKU_02,43
2024-05-28,SKU_02,56
2024-05-29,SKU_02,39
2024-05-30,SKU_02,57
2024-05-31,SKU_02,45
2024-06-01,SKU_02,81
2024-06-02,SKU_02,65
2024-06-03,SKU_02,47
2024-06-04,SKU_02,60
2024-06-05,SKU_02,41
2024-06-06,SKU_02,41
2024-06-07,SKU_02,50
2024-06-08,SKU_02,70
2024-06-09,SKU_02,91
2024-06-10,SKU_02,46
2024-06-11,SKU_02,51
2024-06-12,SKU_02,63
2024-06-13,SKU_02,51
2024-06-14,SKU_02,53
2024-06-15,SKU_02,74
2024-06-16,SKU_02,63
2024-06-17,SKU_02,54
2024-06-18,SKU_02,41
2024-06-19,SKU_02,53
2024-06-20,SKU_02,53
2024-06-21,SKU_02,53
2024-06-22,SKU_02,71
2024-06-23,SKU_02,68
2024-06-24,SKU_02,43
2024-06-25,SKU_02,48
2024-06-26,SKU_02,40
2024-06-27,SKU_02,43
2024-06-28,SKU_02,59
2024-06-29,SKU_02,85
2024-06-30,SKU_02,60
2024-07-01,SKU_02,58
2024-07-02,SKU_02,50
2024-07-03,SKU_02,69
2024-07-04,SKU_02,43
2024-07-05,SKU_02,42
2024-07-06,SKU_02,65
2024-07-07,SKU_02,75
2024-07-08,SKU_02,53
2024-07-09,SKU_02,63
2024-07-10,SKU_02,58
2024-07-11,SKU_02,69
2024-07-12,SKU_02,33
2024-07-13,SKU_02,80
2024-07-14,SKU_02,64
2024-07-15,SKU_02,57
2024-07-16,SKU_02,57
2024-07-17,SKU_02,36
2024-07-18,SKU_02,62
2024-07-19,SKU_02,51
2024-07-20,SKU_02,69
2024-07-21,SKU_02,76
2024-07-22,SKU_02,51
2024-07-23,SKU_02,49
2024-07-24,SKU_02,56
2024-07-25,SKU_02,55
2024-07-26,SKU_02,33
2024-07-27,SKU_02,67
2024-07-28,SKU_02,70
2024-07-29,SKU_02,62
2024-07-30,SKU_02,55
2024-07-31,SKU_02,57
2024-08-01,SKU_02,55
2024-08-02,SKU_02,53
2024-08-03,SKU_02,75
2024-08-04,SKU_02,53
2024-08-05,SKU_02,56
2024-08-06,SKU_02,46
2024-08-07,SKU_02,61
2024-08-08,SKU_02,67
2024-08-09,SKU_02,46
2024-08-10,SKU_02,78
2024-08-11,SKU_02,59
2024-08-12,SKU_02,61
2024-08-13,SKU_02,42
2024-08-14,SKU_02,46
2024-08-15,SKU_02,49
2024-08-16,SKU_02,68
2024-08-17,SKU_02,74
2024-08-18,SKU_02,91
2024-08-19,SKU_02,33
2024-08-20,SKU_02,49
2024-08-21,SKU_02,57
2024-08-22,SKU_02,56
2024-08-23,SKU_02,51
2024-08-24,SKU_02,70
2024-08-25,SKU_02,88
2024-08-26,SKU_02,52
2024-08-27,SKU_02,72
2024-08-28,SKU_02,56
2024-08-29,SKU_02,48
2024-08-30,SKU_02,64
2024-08-31,SKU_02,91
2024-09-01,SKU_02,74
2024-09-02,SKU_02,54
2024-09-03,SKU_02,55
2024-09-04,SKU_02,45
2024-09-05,SKU_02,61
2024-09-06,SKU_02,60
2024-09-07,SKU_02,70
2024-09-08,SKU_02,69
2024-09-09,SKU_02,49
2024-09-10,SKU_02,44
2024-09-11,SKU_02,47
2024-09-12,SKU_02,57
2024-09-13,SKU_02,57
2024-09-14,SKU_02,85
2024-09-15,SKU_02,97
2024-09-16,SKU_02,56
2024-09-17,SKU_02,30
2024-09-18,SKU_02,41
2024-09-19,SKU_02,56
2024-09-20,SKU_02,38
2024-09-21,SKU_02,76
2024-09-22,SKU_02,69
2024-09-23,SKU_02,38
2024-09-24,SKU_02,67
2024-09-25,SKU_02,57
2024-09-26,SKU_02,54
2024-09-27,SKU_02,50
2024-09-28,SKU_02,62
2024-09-29,SKU_02,101
2024-09-30,SKU_02,60
2024-10-01,SKU_02,55
2024-10-02,SKU_02,43
2024-10-03,SKU_02,61
2024-10-04,SKU_02,52
2024-10-05,SKU_02,74
2024-10-06,SKU_02,78
2024-10-07,SKU_02,44
2024-10-08,SKU_02,50
2024-10-09,SKU_02,40
2024-10-10,SKU_02,47
2024-10-11,SKU_02,50
2024-10-12,SKU_02,95
2024-10-13,SKU_02,73
2024-10-14,SKU_02,78
2024-10-15,SKU_02,54
2024-10-16,SKU_02,46
2024-10-17,SKU_02,34
2024-10-18,SKU_02,76
2024-10-19,SKU_02,84
2024-10-20,SKU_02,70
2024-10-21,SKU_02,58
2024-10-22,SKU_02,58
2024-10-23,SKU_02,39
2024-10-24,SKU_02,47
2024-10-25,SKU_02,37
2024-10-26,SKU_02,62
2024-10-27,SKU_02,76
2024-10-28,SKU_02,43
2024-10-29,SKU_02,40
2024-10-30,SKU_02,81
2024-10-31,SKU_02,49
2024-11-01,SKU_02,56
2024-11-02,SKU_02,64
2024-11-03,SKU_02,78
2024-11-04,SKU_02,56
2024-11-05,SKU_02,42
2024-11-06,SKU_02,56
2024-11-07,SKU_02,58
2024-11-08,SKU_02,49
2024-11-09,SKU_02,60
2024-11-10,SKU_02,78
2024-11-11,SKU_02,52
2024-11-12,SKU_02,49
2024-11-13,SKU_02,56
2024-11-14,SKU_02,50
2024-11-15,SKU_02,57
2024-11-16,SKU_02,94
2024-11-17,SKU_02,84
2024-11-18,SKU_02,31
2024-11-19,SKU_02,71
2024-11-20,SKU_02,61
2024-11-21,SKU_02,57
2024-11-22,SKU_02,51
2024-11-23,SKU_02,68
2024-11-24,SKU_02,67
2024-11-25,SKU_02,53
2024-11-26,SKU_02,60
2024-11-27,SKU_02,58
2024-11-28,SKU_02,73
2024-11-29,SKU_02,42
2024-11-30,SKU_02,63
2024-12-01,SKU_02,87
2024-12-02,SKU_02,35
2024-12-03,SKU_02,59
2024-12-04,SKU_02,33
2024-12-05,SKU_02,56
2024-12-06,SKU_02,37
2024-12-07,SKU_02,69
2024-12-08,SKU_02,66
2024-12-09,SKU_02,38
2024-12-10,SKU_02,59
2024-12-11,SKU_02,60
2024-12-12,SKU_02,50
2024-12-13,SKU_02,50
2024-12-14,SKU_02,77
2024-12-15,SKU_02,66
2024-12-16,SKU_02,39
2024-12-17,SKU_02,60
2024-12-18,SKU_02,65
2024-12-19,SKU_02,49
2024-12-20,SKU_02,47
2024-12-21,SKU_02,80
2024-12-22,SKU_02,68
2024-12-23,SKU_02,58
2024-12-24,SKU_02,62
2024-12-25,SKU_02,65
2024-12-26,SKU_02,34
2024-12-27,SKU_02,53
2024-12-28,SKU_02,61
2024-12-29,SKU_02,78
2024-12-30,SKU_02,47
2024-12-31,SKU_02,40
2025-01-01,SKU_02,65
2025-01-02,SKU_02,57
2025-01-03,SKU_02,60
2025-01-04,SKU_02,67
2025-01-05,SKU_02,73
2025-01-06,SKU_02,66
2025-01-07,SKU_02,50
2025-01-08,SKU_02,61
2025-01-09,SKU_02,44
2025-01-10,SKU_02,75
2025-01-11,SKU_02,81
2025-01-12,SKU_02,74
2025-01-13,SKU_02,54
2025-01-14,SKU_02,55
2025-01-15,SKU_02,62
2025-01-16,SKU_02,61
2025-01-17,SKU_02,57
2025-01-18,SKU_02,82
2025-01-19,SKU_02,73
2025-01-20,SKU_02,55
2025-01-21,SKU_02,39
2025-01-22,SKU_02,51
2025-01-23,SKU_02,56
2025-01-24,SKU_02,47
2025-01-25,SKU_02,66
2025-01-26,SKU_02,61
2025-01-27,SKU_02,51
2025-01-28,SKU_02,56
2025-01-29,SKU_02,50
2025-01-30,SKU_02,54
2025-01-31,SKU_02,38
2025-02-01,SKU_02,71
2025-02-02,SKU_02,81
2025-02-03,SKU_02,69
2025-02-04,SKU_02,69
2025-02-05,SKU_02,44
2025-02-06,SKU_02,36
2025-02-07,SKU_02,48
2025-02-08,SKU_02,74
2025-02-09,SKU_02,83
2025-02-10,SKU_02,41
2025-02-11,SKU_02,55
2025-02-12,SKU_02,63
2025-02-13,SKU_02,45
2025-02-14,SKU_02,64
2025-02-15,SKU_02,67
2025-02-16,SKU_02,72
2025-02-17,SKU_02,45
2025-02-18,SKU_02,33
2025-02-19,SKU_02,45
2025-02-20,SKU_02,56
2025-02-21,SKU_02,55
2025-02-22,SKU_02,81
2025-02-23,SKU_02,69
2025-02-24,SKU_02,55
2025-02-25,SKU_02,59
2025-02-26,SKU_02,63
2025-02-27,SKU_02,57
2025-02-28,SKU_02,48
2025-03-01,SKU_02,74
2025-03-02,SKU_02,75
2025-03-03,SKU_02,61
2025-03-04,SKU_02,63
2025-03-05,SKU_02,55
2025-03-06,SKU_02,44
2025-03-07,SKU_02,42
2025-03-08,SKU_02,88
2025-03-09,SKU_02,75
2025-03-10,SKU_02,45
2025-03-11,SKU_02,59
2025-03-12,SKU_02,57
2025-03-13,SKU_02,64
2025-03-14,SKU_02,49
2025-03-15,SKU_02,72
2025-03-16,SKU_02,71
2025-03-17,SKU_02,67
2025-03-18,SKU_02,47
2025-03-19,SKU_02,68
2025-03-20,SKU_02,51
2025-03-21,SKU_02,44
2025-03-22,SKU_02,85
2025-03-23,SKU_02,53
2025-03-24,SKU_02,59
2025-03-25,SKU_02,52
2025-03-26,SKU_02,50
2025-03-27,SKU_02,37
2025-03-28,SKU_02,51
2025-03-29,SKU_02,73
2025-03-30,SKU_02,73
2025-03-31,SKU_02,31
2025-04-01,SKU_02,54
2025-04-02,SKU_02,69
2025-04-03,SKU_02,46
2025-04-04,SKU_02,35
2025-04-05,SKU_02,70
2025-04-06,SKU_02,71
2025-04-07,SKU_02,49
2025-04-08,SKU_02,45
2025-04-09,SKU_02,53
2025-04-10,SKU_02,57
2025-04-11,SKU_02,46
2025-04-12,SKU_02,89
2025-04-13,SKU_02,83
2025-04-14,SKU_02,49
2025-04-15,SKU_02,63
2025-04-16,SKU_02,44
2025-04-17,SKU_02,44
2025-04-18,SKU_02,34
2025-04-19,SKU_02,72
2025-04-20,SKU_02,70
2025-04-21,SKU_02,48
2025-04-22,SKU_02,53
2025-04-23,SKU_02,61
2025-04-24,SKU_02,52
2025-04-25,SKU_02,43
2025-04-26,SKU_02,49
2025-04-27,SKU_02,63
2025-04-28,SKU_02,54
2025-04-29,SKU_02,68
2025-04-30,SKU_02,59
2025-05-01,SKU_02,49
2025-05-02,SKU_02,52
2025-05-03,SKU_02,73
2025-05-04,SKU_02,78
2025-05-05,SKU_02,50
2025-05-06,SKU_02,58
2025-05-07,SKU_02,51
2025-05-08,SKU_02,50
2025-05-09,SKU_02,38
2025-05-10,SKU_02,66
2025-05-11,SKU_02,68
2025-05-12,SKU_02,49
2025-05-13,SKU_02,44
2025-05-14,SKU_02,59
2025-05-15,SKU_02,55
2025-05-16,SKU_02,65
2025-05-17,SKU_02,65
2025-05-18,SKU_02,73
2025-05-19,SKU_02,70
2025-05-20,SKU_02,63
2025-05-21,SKU_02,51
2025-05-22,SKU_02,41
2025-05-23,SKU_02,41
2025-05-24,SKU_02,56
2025-05-25,SKU_02,91
2025-05-26,SKU_02,59
2025-05-27,SKU_02,75
2025-05-28,SKU_02,42
2025-05-29,SKU_02,61
2025-05-30,SKU_02,49
2025-05-31,SKU_02,66
2025-06-01,SKU_02,77
2025-06-02,SKU_02,60
2025-06-03,SKU_02,52
2025-06-04,SKU_02,45
2025-06-05,SKU_02,58
2025-06-06,SKU_02,58
2025-06-07,SKU_02,58
2025-06-08,SKU_02,76
2025-06-09,SKU_02,69
2025-06-10,SKU_02,52
2025-06-11,SKU_02,40
2025-06-12,SKU_02,45
2025-06-13,SKU_02,46
2025-06-14,SKU_02,51
2025-06-15,SKU_02,72
2025-06-16,SKU_02,57
2025-06-17,SKU_02,42
2025-06-18,SKU_02,59
2025-06-19,SKU_02,56
2025-06-20,SKU_02,66
2025-06-21,SKU_02,58
2025-06-22,SKU_02,65
2025-06-23,SKU_02,48
2025-06-24,SKU_02,43
2025-06-25,SKU_02,60
2025-06-26,SKU_02,53
2025-06-27,SKU_02,40
2025-06-28,SKU_02,78
2025-06-29,SKU_02,75
2025-06-30,SKU_02,48
2025-07-01,SKU_02,45
2025-07-02,SKU_02,54
2025-07-03,SKU_02,46
2025-07-04,SKU_02,43
2025-07-05,SKU_02,62
2025-07-06,SKU_02,77
2025-07-07,SKU_02,57
2025-07-08,SKU_02,54
2025-07-09,SKU_02,53
2025-07-10,SKU_02,54
2025-07-11,SKU_02,35
2025-07-12,SKU_02,76
2025-07-13,SKU_02,71
2025-07-14,SKU_02,48
2025-07-15,SKU_02,49
2025-07-16,SKU_02,52
2025-07-17,SKU_02,59
2025-07-18,SKU_02,42
2025-07-19,SKU_02,64
2025-07-20,SKU_02,78
2025-07-21,SKU_02,66
2025-07-22,SKU_02,32
2025-07-23,SKU_02,53
2025-07-24,SKU_02,42
2025-07-25,SKU_02,68
2025-07-26,SKU_02,69
2025-07-27,SKU_02,80
2025-07-28,SKU_02,47
2025-07-29,SKU_02,39
2025-07-30,SKU_02,55
2025-07-31,SKU_02,54
2025-08-01,SKU_02,66
2025-08-02,SKU_02,71
2025-08-03,SKU_02,73
2025-08-04,SKU_02,39
2025-08-05,SKU_02,60
2025-08-06,SKU_02,50
2025-08-07,SKU_02,49
2025-08-08,SKU_02,60
2025-08-09,SKU_02,84
2025-08-10,SKU_02,75
2025-08-11,SKU_02,37
2025-08-12,SKU_02,48
2025-08-13,SKU_02,45
2025-08-14,SKU_02,54
2025-08-15,SKU_02,61
2025-08-16,SKU_02,76
2025-08-17,SKU_02,77
2025-08-18,SKU_02,49
2025-08-19,SKU_02,46
2025-08-20,SKU_02,54
2025-08-21,SKU_02,60
2025-08-22,SKU_02,20
2025-08-23,SKU_02,79
2025-08-24,SKU_02,68
2025-08-25,SKU_02,42
2025-08-26,SKU_02,44
2025-08-27,SKU_02,49
2025-08-28,SKU_02,48
2025-08-29,SKU_02,77
2025-08-30,SKU_02,71
2025-08-31,SKU_02,71
2025-09-01,SKU_02,53
2025-09-02,SKU_02,58
2025-09-03,SKU_02,37
2025-09-04,SKU_02,44
2025-09-05,SKU_02,65
2025-09-06,SKU_02,78
2025-09-07,SKU_02,69
2025-09-08,SKU_02,47
2025-09-09,SKU_02,50
2025-09-10,SKU_02,54
2025-09-11,SKU_02,55
2025-09-12,SKU_02,66
2025-09-13,SKU_02,70
2025-09-14,SKU_02,59
2025-09-15,SKU_02,69
2025-09-16,SKU_02,39
2025-09-17,SKU_02,48
2025-09-18,SKU_02,37
2025-09-19,SKU_02,54
2025-09-20,SKU_02,62
2025-09-21,SKU_02,87
2025-09-22,SKU_02,52
2025-09-23,SKU_02,71
2025-09-24,SKU_02,54
2025-09-25,SKU_02,61
2025-09-26,SKU_02,55
2023-01-01,SKU_03,101
2023-01-02,SKU_03,79
2023-01-03,SKU_03,70
2023-01-04,SKU_03,52
2023-01-05,SKU_03,87
2023-01-06,SKU_03,76
2023-01-07,SKU_03,102
2023-01-08,SKU_03,106
2023-01-09,SKU_03,71
2023-01-10,SKU_03,81
2023-01-11,SKU_03,75
2023-01-12,SKU_03,75
2023-01-13,SKU_03,71
2023-01-14,SKU_03,110
2023-01-15,SKU_03,106
2023-01-16,SKU_03,83
2023-01-17,SKU_03,81
2023-01-18,SKU_03,80
2023-01-19,SKU_03,71
2023-01-20,SKU_03,71
2023-01-21,SKU_03,106
2023-01-22,SKU_03,105
2023-01-23,SKU_03,86
2023-01-24,SKU_03,71
2023-01-25,SKU_03,81
2023-01-26,SKU_03,95
2023-01-27,SKU_03,65
2023-01-28,SKU_03,120
2023-01-29,SKU_03,119
2023-01-30,SKU_03,63
2023-01-31,SKU_03,79
2023-02-01,SKU_03,91
2023-02-02,SKU_03,75
2023-02-03,SKU_03,78
2023-02-04,SKU_03,97
2023-02-05,SKU_03,105
2023-02-06,SKU_03,85
2023-02-07,SKU_03,58
2023-02-08,SKU_03,78
2023-02-09,SKU_03,86
2023-02-10,SKU_03,62
2023-02-11,SKU_03,94
2023-02-12,SKU_03,86
2023-02-13,SKU_03,77
2023-02-14,SKU_03,82
2023-02-15,SKU_03,89
2023-02-16,SKU_03,78
2023-02-17,SKU_03,75
2023-02-18,SKU_03,96
2023-02-19,SKU_03,114
2023-02-20,SKU_03,93
2023-02-21,SKU_03,93
2023-02-22,SKU_03,75
2023-02-23,SKU_03,73
2023-02-24,SKU_03,86
2023-02-25,SKU_03,139
2023-02-26,SKU_03,97
2023-02-27,SKU_03,82
2023-02-28,SKU_03,74
2023-03-01,SKU_03,85
2023-03-02,SKU_03,63
2023-03-03,SKU_03,105
2023-03-04,SKU_03,104
2023-03-05,SKU_03,112
2023-03-06,SKU_03,89
2023-03-07,SKU_03,87
2023-03-08,SKU_03,57
2023-03-09,SKU_03,82
2023-03-10,SKU_03,76
2023-03-11,SKU_03,110
2023-03-12,SKU_03,116
2023-03-13,SKU_03,77
2023-03-14,SKU_03,85
2023-03-15,SKU_03,75
2023-03-16,SKU_03,92
2023-03-17,SKU_03,73
2023-03-18,SKU_03,98
2023-03-19,SKU_03,110
2023-03-20,SKU_03,64
2023-03-21,SKU_03,84
2023-03-22,SKU_03,70
2023-03-23,SKU_03,78
2023-03-24,SKU_03,78
2023-03-25,SKU_03,105
2023-03-26,SKU_03,116
2023-03-27,SKU_03,72
2023-03-28,SKU_03,77
2023-03-29,SKU_03,79
2023-03-30,SKU_03,71
2023-03-31,SKU_03,69
2023-04-01,SKU_03,108
2023-04-02,SKU_03,124
2023-04-03,SKU_03,78
2023-04-04,SKU_03,91
2023-04-05,SKU_03,81
2023-04-06,SKU_03,59
2023-04-07,SKU_03,87
2023-04-08,SKU_03,114
2023-04-09,SKU_03,104
2023-04-10,SKU_03,82
2023-04-11,SKU_03,89
2023-04-12,SKU_03,81
2023-04-13,SKU_03,83
2023-04-14,SKU_03,80
2023-04-15,SKU_03,120
2023-04-16,SKU_03,108
2023-04-17,SKU_03,75
2023-04-18,SKU_03,85
2023-04-19,SKU_03,64
2023-04-20,SKU_03,69
2023-04-21,SKU_03,95
2023-04-22,SKU_03,88
2023-04-23,SKU_03,94
2023-04-24,SKU_03,73
2023-04-25,SKU_03,78
2023-04-26,SKU_03,59
2023-04-27,SKU_03,80
2023-04-28,SKU_03,86
2023-04-29,SKU_03,113
2023-04-30,SKU_03,115
2023-05-01,SKU_03,83
2023-05-02,SKU_03,77
2023-05-03,SKU_03,86
2023-05-04,SKU_03,81
2023-05-05,SKU_03,76
2023-05-06,SKU_03,91
2023-05-07,SKU_03,115
2023-05-08,SKU_03,70
2023-05-09,SKU_03,70
2023-05-10,SKU_03,78
2023-05-11,SKU_03,79
2023-05-12,SKU_03,72
2023-05-13,SKU_03,96
2023-05-14,SKU_03,102
2023-05-15,SKU_03,92
2023-05-16,SKU_03,59
2023-05-17,SKU_03,49
2023-05-18,SKU_03,91
2023-05-19,SKU_03,69
2023-05-20,SKU_03,127
2023-05-21,SKU_03,96
2023-05-22,SKU_03,71
2023-05-23,SKU_03,71
2023-05-24,SKU_03,62
2023-05-25,SKU_03,93
2023-05-26,SKU_03,70
2023-05-27,SKU_03,113
2023-05-28,SKU_03,111
2023-05-29,SKU_03,79
2023-05-30,SKU_03,90
2023-05-31,SKU_03,79
2023-06-01,SKU_03,81
2023-06-02,SKU_03,85
2023-06-03,SKU_03,108
2023-06-04,SKU_03,101
2023-06-05,SKU_03,66
2023-06-06,SKU_03,81
2023-06-07,SKU_03,90
2023-06-08,SKU_03,75
2023-06-09,SKU_03,71
2023-06-10,SKU_03,85
2023-06-11,SKU_03,103
2023-06-12,SKU_03,89
2023-06-13,SKU_03,85
2023-06-14,SKU_03,75
2023-06-15,SKU_03,69
2023-06-16,SKU_03,72
2023-06-17,SKU_03,101
2023-06-18,SKU_03,106
2023-06-19,SKU_03,86
2023-06-20,SKU_03,73
2023-06-21,SKU_03,82
2023-06-22,SKU_03,70
2023-06-23,SKU_03,61
2023-06-24,SKU_03,115
2023-06-25,SKU_03,118
2023-06-26,SKU_03,68
2023-06-27,SKU_03,63
2023-06-28,SKU_03,78
2023-06-29,SKU_03,61
2023-06-30,SKU_03,58
2023-07-01,SKU_03,108
2023-07-02,SKU_03,101
2023-07-03,SKU_03,92
2023-07-04,SKU_03,91
2023-07-05,SKU_03,73
2023-07-06,SKU_03,79
2023-07-07,SKU_03,60
2023-07-08,SKU_03,95
2023-07-09,SKU_03,107
2023-07-10,SKU_03,93
2023-07-11,SKU_03,71
2023-07-12,SKU_03,104
2023-07-13,SKU_03,67
2023-07-14,SKU_03,85
2023-07-15,SKU_03,116
2023-07-16,SKU_03,106
2023-07-17,SKU_03,60
2023-07-18,SKU_03,67
2023-07-19,SKU_03,77
2023-07-20,SKU_03,78
2023-07-21,SKU_03,86
2023-07-22,SKU_03,110
2023-07-23,SKU_03,100
2023-07-24,SKU_03,67
2023-07-25,SKU_03,78
2023-07-26,SKU_03,92
2023-07-27,SKU_03,54
2023-07-28,SKU_03,71
2023-07-29,SKU_03,125
2023-07-30,SKU_03,118
2023-07-31,SKU_03,61
2023-08-01,SKU_03,94
2023-08-02,SKU_03,75
2023-08-03,SKU_03,90
2023-08-04,SKU_03,84
2023-08-05,SKU_03,101
2023-08-06,SKU_03,117
2023-08-07,SKU_03,67
2023-08-08,SKU_03,76
2023-08-09,SKU_03,91
2023-08-10,SKU_03,81
2023-08-11,SKU_03,76
2023-08-12,SKU_03,106
2023-08-13,SKU_03,91
2023-08-14,SKU_03,73
2023-08-15,SKU_03,74
2023-08-16,SKU_03,91
2023-08-17,SKU_03,77
2023-08-18,SKU_03,65
2023-08-19,SKU_03,122
2023-08-20,SKU_03,122
2023-08-21,SKU_03,94
2023-08-22,SKU_03,61
2023-08-23,SKU_03,75
2023-08-24,SKU_03,86
2023-08-25,SKU_03,68
2023-08-26,SKU_03,100
2023-08-27,SKU_03,110
2023-08-28,SKU_03,86
2023-08-29,SKU_03,88
2023-08-30,SKU_03,79
2023-08-31,SKU_03,77
2023-09-01,SKU_03,87
2023-09-02,SKU_03,96
2023-09-03,SKU_03,111
2023-09-04,SKU_03,61
2023-09-05,SKU_03,83
2023-09-06,SKU_03,83
2023-09-07,SKU_03,102
2023-09-08,SKU_03,83
2023-09-09,SKU_03,111
2023-09-10,SKU_03,97
2023-09-11,SKU_03,69
2023-09-12,SKU_03,79
2023-09-13,SKU_03,67
2023-09-14,SKU_03,72
2023-09-15,SKU_03,61
2023-09-16,SKU_03,110
2023-09-17,SKU_03,92
2023-09-18,SKU_03,93
2023-09-19,SKU_03,86
2023-09-20,SKU_03,85
2023-09-21,SKU_03,69
2023-09-22,SKU_03,72
2023-09-23,SKU_03,92
2023-09-24,SKU_03,109
2023-09-25,SKU_03,71
2023-09-26,SKU_03,65
2023-09-27,SKU_03,66
2023-09-28,SKU_03,64
2023-09-29,SKU_03,92
2023-09-30,SKU_03,91
2023-10-01,SKU_03,92
2023-10-02,SKU_03,74
2023-10-03,SKU_03,102
2023-10-04,SKU_03,68
2023-10-05,SKU_03,82
2023-10-06,SKU_03,71
2023-10-07,SKU_03,127
2023-10-08,SKU_03,110
2023-10-09,SKU_03,74
2023-10-10,SKU_03,80
2023-10-11,SKU_03,85
2023-10-12,SKU_03,85
2023-10-13,SKU_03,70
2023-10-14,SKU_03,106
2023-10-15,SKU_03,112
2023-10-16,SKU_03,70
2023-10-17,SKU_03,50
2023-10-18,SKU_03,71
2023-10-19,SKU_03,82
2023-10-20,SKU_03,70
2023-10-21,SKU_03,112
2023-10-22,SKU_03,129
2023-10-23,SKU_03,80
2023-10-24,SKU_03,70
2023-10-25,SKU_03,71
2023-10-26,SKU_03,68
2023-10-27,SKU_03,77
2023-10-28,SKU_03,100
2023-10-29,SKU_03,111
2023-10-30,SKU_03,69
2023-10-31,SKU_03,76
2023-11-01,SKU_03,68
2023-11-02,SKU_03,80
2023-11-03,SKU_03,73
2023-11-04,SKU_03,108
2023-11-05,SKU_03,131
2023-11-06,SKU_03,80
2023-11-07,SKU_03,68
2023-11-08,SKU_03,66
2023-11-09,SKU_03,71
2023-11-10,SKU_03,78
2023-11-11,SKU_03,113
2023-11-12,SKU_03,107
2023-11-13,SKU_03,77
2023-11-14,SKU_03,79
2023-11-15,SKU_03,57
2023-11-16,SKU_03,79
2023-11-17,SKU_03,79
2023-11-18,SKU_03,97
2023-11-19,SKU_03,104
2023-11-20,SKU_03,73
2023-11-21,SKU_03,85
2023-11-22,SKU_03,93
2023-11-23,SKU_03,67
2023-11-24,SKU_03,49
2023-11-25,SKU_03,100
2023-11-26,SKU_03,112
2023-11-27,SKU_03,73
2023-11-28,SKU_03,92
2023-11-29,SKU_03,85
2023-11-30,SKU_03,74
2023-12-01,SKU_03,90
2023-12-02,SKU_03,123
2023-12-03,SKU_03,112
2023-12-04,SKU_03,85
2023-12-05,SKU_03,76
2023-12-06,SKU_03,79
2023-12-07,SKU_03,67
2023-12-08,SKU_03,89
2023-12-09,SKU_03,101
2023-12-10,SKU_03,105
2023-12-11,SKU_03,74
2023-12-12,SKU_03,66
2023-12-13,SKU_03,72
2023-12-14,SKU_03,60
2023-12-15,SKU_03,73
2023-12-16,SKU_03,108
2023-12-17,SKU_03,111
2023-12-18,SKU_03,71
2023-12-19,SKU_03,68
2023-12-20,SKU_03,84
2023-12-21,SKU_03,84
2023-12-22,SKU_03,54
2023-12-23,SKU_03,113
2023-12-24,SKU_03,103
2023-12-25,SKU_03,79
2023-12-26,SKU_03,88
2023-12-27,SKU_03,78
2023-12-28,SKU_03,70
2023-12-29,SKU_03,73
2023-12-30,SKU_03,110
2023-12-31,SKU_03,114
2024-01-01,SKU_03,79
2024-01-02,SKU_03,89
2024-01-03,SKU_03,92
2024-01-04,SKU_03,78
2024-01-05,SKU_03,75
2024-01-06,SKU_03,94
2024-01-07,SKU_03,112
2024-01-08,SKU_03,91
2024-01-09,SKU_03,70
2024-01-10,SKU_03,71
2024-01-11,SKU_03,82
2024-01-12,SKU_03,86
2024-01-13,SKU_03,112
2024-01-14,SKU_03,113
2024-01-15,SKU_03,63
2024-01-16,SKU_03,86
2024-01-17,SKU_03,58
2024-01-18,SKU_03,86
2024-01-19,SKU_03,69
2024-01-20,SKU_03,104
2024-01-21,SKU_03,102
2024-01-22,SKU_03,83
2024-01-23,SKU_03,77
2024-01-24,SKU_03,78
2024-01-25,SKU_03,68
2024-01-26,SKU_03,79
2024-01-27,SKU_03,100
2024-01-28,SKU_03,114
2024-01-29,SKU_03,67
2024-01-30,SKU_03,72
2024-01-31,SKU_03,76
2024-02-01,SKU_03,70
2024-02-02,SKU_03,102
2024-02-03,SKU_03,102
2024-02-04,SKU_03,90
2024-02-05,SKU_03,68
2024-02-06,SKU_03,91
2024-02-07,SKU_03,80
2024-02-08,SKU_03,57
2024-02-09,SKU_03,66
2024-02-10,SKU_03,111
2024-02-11,SKU_03,102
2024-02-12,SKU_03,74
2024-02-13,SKU_03,86
2024-02-14,SKU_03,78
2024-02-15,SKU_03,92
2024-02-16,SKU_03,75
2024-02-17,SKU_03,120
2024-02-18,SKU_03,120
2024-02-19,SKU_03,71
2024-02-20,SKU_03,72
2024-02-21,SKU_03,76
2024-02-22,SKU_03,95
2024-02-23,SKU_03,64
2024-02-24,SKU_03,107
2024-02-25,SKU_03,108
2024-02-26,SKU_03,82
2024-02-27,SKU_03,56
2024-02-28,SKU_03,74
2024-02-29,SKU_03,85
2024-03-01,SKU_03,72
2024-03-02,SKU_03,117
2024-03-03,SKU_03,114
2024-03-04,SKU_03,75
2024-03-05,SKU_03,82
2024-03-06,SKU_03,77
2024-03-07,SKU_03,53
2024-03-08,SKU_03,69
2024-03-09,SKU_03,98
2024-03-10,SKU_03,101
2024-03-11,SKU_03,81
2024-03-12,SKU_03,77
2024-03-13,SKU_03,92
2024-03-14,SKU_03,66
2024-03-15,SKU_03,81
2024-03-16,SKU_03,97
2024-03-17,SKU_03,121
2024-03-18,SKU_03,72
2024-03-19,SKU_03,84
2024-03-20,SKU_03,52
2024-03-21,SKU_03,69
2024-03-22,SKU_03,73
2024-03-23,SKU_03,117
2024-03-24,SKU_03,109
2024-03-25,SKU_03,76
2024-03-26,SKU_03,69
2024-03-27,SKU_03,73
2024-03-28,SKU_03,86
2024-03-29,SKU_03,72
2024-03-30,SKU_03,111
2024-03-31,SKU_03,107
2024-04-01,SKU_03,70
2024-04-02,SKU_03,80
2024-04-03,SKU_03,75
2024-04-04,SKU_03,77
2024-04-05,SKU_03,100
2024-04-06,SKU_03,100
2024-04-07,SKU_03,95
2024-04-08,SKU_03,76
2024-04-09,SKU_03,77
2024-04-10,SKU_03,65
2024-04-11,SKU_03,53
2024-04-12,SKU_03,79
2024-04-13,SKU_03,81
2024-04-14,SKU_03,114
2024-04-15,SKU_03,103
2024-04-16,SKU_03,87
2024-04-17,SKU_03,69
2024-04-18,SKU_03,83
2024-04-19,SKU_03,82
2024-04-20,SKU_03,100
2024-04-21,SKU_03,115
2024-04-22,SKU_03,84
2024-04-23,SKU_03,70
2024-04-24,SKU_03,83
2024-04-25,SKU_03,82
2024-04-26,SKU_03,69
2024-04-27,SKU_03,100
2024-04-28,SKU_03,108
2024-04-29,SKU_03,57
2024-04-30,SKU_03,60
2024-05-01,SKU_03,101
2024-05-02,SKU_03,83
2024-05-03,SKU_03,93
2024-05-04,SKU_03,100
2024-05-05,SKU_03,104
2024-05-06,SKU_03,72
2024-05-07,SKU_03,67
2024-05-08,SKU_03,75
2024-05-09,SKU_03,79
2024-05-10,SKU_03,85
2024-05-11,SKU_03,97
2024-05-12,SKU_03,118
2024-05-13,SKU_03,77
2024-05-14,SKU_03,85
2024-05-15,SKU_03,89
2024-05-16,SKU_03,73
2024-05-17,SKU_03,99
2024-05-18,SKU_03,128
2024-05-19,SKU_03,101
2024-05-20,SKU_03,73
2024-05-21,SKU_03,86
2024-05-22,SKU_03,94
2024-05-23,SKU_03,69
2024-05-24,SKU_03,80
2024-05-25,SKU_03,108
2024-05-26,SKU_03,115
2024-05-27,SKU_03,61
2024-05-28,SKU_03,88
2024-05-29,SKU_03,83
2024-05-30,SKU_03,74
2024-05-31,SKU_03,69
2024-06-01,SKU_03,120
2024-06-02,SKU_03,110
2024-06-03,SKU_03,81
2024-06-04,SKU_03,91
2024-06-05,SKU_03,70
2024-06-06,SKU_03,62
2024-06-07,SKU_03,63
2024-06-08,SKU_03,107
2024-06-09,SKU_03,103
2024-06-10,SKU_03,96
2024-06-11,SKU_03,70
2024-06-12,SKU_03,80
2024-06-13,SKU_03,92
2024-06-14,SKU_03,64
2024-06-15,SKU_03,110
2024-06-16,SKU_03,118
2024-06-17,SKU_03,92
2024-06-18,SKU_03,85
2024-06-19,SKU_03,69
2024-06-20,SKU_03,78
2024-06-21,SKU_03,84
2024-06-22,SKU_03,125
2024-06-23,SKU_03,108
2024-06-24,SKU_03,77
2024-06-25,SKU_03,64
2024-06-26,SKU_03,74
2024-06-27,SKU_03,66
2024-06-28,SKU_03,77
2024-06-29,SKU_03,130
2024-06-30,SKU_03,107
2024-07-01,SKU_03,70
2024-07-02,SKU_03,85
2024-07-03,SKU_03,89
2024-07-04,SKU_03,78
2024-07-05,SKU_03,61
2024-07-06,SKU_03,94
2024-07-07,SKU_03,109
2024-07-08,SKU_03,77
2024-07-09,SKU_03,98
2024-07-10,SKU_03,88
2024-07-11,SKU_03,53
2024-07-12,SKU_03,86
2024-07-13,SKU_03,119
2024-07-14,SKU_03,105
2024-07-15,SKU_03,81
2024-07-16,SKU_03,67
2024-07-17,SKU_03,76
2024-07-18,SKU_03,75
2024-07-19,SKU_03,75
2024-07-20,SKU_03,110
2024-07-21,SKU_03,126
2024-07-22,SKU_03,66
2024-07-23,SKU_03,92
2024-07-24,SKU_03,78
2024-07-25,SKU_03,82
2024-07-26,SKU_03,65
2024-07-27,SKU_03,120
2024-07-28,SKU_03,106
2024-07-29,SKU_03,79
2024-07-30,SKU_03,88
2024-07-31,SKU_03,76
2024-08-01,SKU_03,72
2024-08-02,SKU_03,71
2024-08-03,SKU_03,120
2024-08-04,SKU_03,80
2024-08-05,SKU_03,88
2024-08-06,SKU_03,74
2024-08-07,SKU_03,66
2024-08-08,SKU_03,71
2024-08-09,SKU_03,77
2024-08-10,SKU_03,107
2024-08-11,SKU_03,104
2024-08-12,SKU_03,88
2024-08-13,SKU_03,62
2024-08-14,SKU_03,74
2024-08-15,SKU_03,80
2024-08-16,SKU_03,93
2024-08-17,SKU_03,114
2024-08-18,SKU_03,80
2024-08-19,SKU_03,75
2024-08-20,SKU_03,62
2024-08-21,SKU_03,55
2024-08-22,SKU_03,59
2024-08-23,SKU_03,86
2024-08-24,SKU_03,97
2024-08-25,SKU_03,91
2024-08-26,SKU_03,86
2024-08-27,SKU_03,72
2024-08-28,SKU_03,87
2024-08-29,SKU_03,83
2024-08-30,SKU_03,80
2024-08-31,SKU_03,110
2024-09-01,SKU_03,120
2024-09-02,SKU_03,71
2024-09-03,SKU_03,92
2024-09-04,SKU_03,78
2024-09-05,SKU_03,86
2024-09-06,SKU_03,68
2024-09-07,SKU_03,113
2024-09-08,SKU_03,115
2024-09-09,SKU_03,58
2024-09-10,SKU_03,58
2024-09-11,SKU_03,94
2024-09-12,SKU_03,62
2024-09-13,SKU_03,75
2024-09-14,SKU_03,105
2024-09-15,SKU_03,108
2024-09-16,SKU_03,70
2024-09-17,SKU_03,86
2024-09-18,SKU_03,83
2024-09-19,SKU_03,83
2024-09-20,SKU_03,85
2024-09-21,SKU_03,116
2024-09-22,SKU_03,98
2024-09-23,SKU_03,78
2024-09-24,SKU_03,79
2024-09-25,SKU_03,68
2024-09-26,SKU_03,69
2024-09-27,SKU_03,89
2024-09-28,SKU_03,96
2024-09-29,SKU_03,110
2024-09-30,SKU_03,78
2024-10-01,SKU_03,73
2024-10-02,SKU_03,63
2024-10-03,SKU_03,59
2024-10-04,SKU_03,87
2024-10-05,SKU_03,123
2024-10-06,SKU_03,101
2024-10-07,SKU_03,66
2024-10-08,SKU_03,79
2024-10-09,SKU_03,65
2024-10-10,SKU_03,92
2024-10-11,SKU_03,55
2024-10-12,SKU_03,111
2024-10-13,SKU_03,121
2024-10-14,SKU_03,73
2024-10-15,SKU_03,94
2024-10-16,SKU_03,66
2024-10-17,SKU_03,88
2024-10-18,SKU_03,87
2024-10-19,SKU_03,118
2024-10-20,SKU_03,101
2024-10-21,SKU_03,81
2024-10-22,SKU_03,82
2024-10-23,SKU_03,95
2024-10-24,SKU_03,44
2024-10-25,SKU_03,62
2024-10-26,SKU_03,108
2024-10-27,SKU_03,105
2024-10-28,SKU_03,86
2024-10-29,SKU_03,65
2024-10-30,SKU_03,67
2024-10-31,SKU_03,66
2024-11-01,SKU_03,68
2024-11-02,SKU_03,105
2024-11-03,SKU_03,101
2024-11-04,SKU_03,74
2024-11-05,SKU_03,97
2024-11-06,SKU_03,73
2024-11-07,SKU_03,96
2024-11-08,SKU_03,66
2024-11-09,SKU_03,105
2024-11-10,SKU_03,115
2024-11-11,SKU_03,70
2024-11-12,SKU_03,74
2024-11-13,SKU_03,67
2024-11-14,SKU_03,73
2024-11-15,SKU_03,82
2024-11-16,SKU_03,126
2024-11-17,SKU_03,119
2024-11-18,SKU_03,80
2024-11-19,SKU_03,80
2024-11-20,SKU_03,83
2024-11-21,SKU_03,71
2024-11-22,SKU_03,80
2024-11-23,SKU_03,93
2024-11-24,SKU_03,93
2024-11-25,SKU_03,63
2024-11-26,SKU_03,77
2024-11-27,SKU_03,92
2024-11-28,SKU_03,97
2024-11-29,SKU_03,72
2024-11-30,SKU_03,126
2024-12-01,SKU_03,106
2024-12-02,SKU_03,93
2024-12-03,SKU_03,86
2024-12-04,SKU_03,67
2024-12-05,SKU_03,63
2024-12-06,SKU_03,80
2024-12-07,SKU_03,116
2024-12-08,SKU_03,103
2024-12-09,SKU_03,75
2024-12-10,SKU_03,78
2024-12-11,SKU_03,65
2024-12-12,SKU_03,69
2024-12-13,SKU_03,69
2024-12-14,SKU_03,105
2024-12-15,SKU_03,124
2024-12-16,SKU_03,85
2024-12-17,SKU_03,81
2024-12-18,SKU_03,82
2024-12-19,SKU_03,78
2024-12-20,SKU_03,85
2024-12-21,SKU_03,105
2024-12-22,SKU_03,121
2024-12-23,SKU_03,63
2024-12-24,SKU_03,72
2024-12-25,SKU_03,78
2024-12-26,SKU_03,71
2024-12-27,SKU_03,88
2024-12-28,SKU_03,107
2024-12-29,SKU_03,110
2024-12-30,SKU_03,83
2024-12-31,SKU_03,87
2025-01-01,SKU_03,75
2025-01-02,SKU_03,69
2025-01-03,SKU_03,87
2025-01-04,SKU_03,97
2025-01-05,SKU_03,123
2025-01-06,SKU_03,82
2025-01-07,SKU_03,62
2025-01-08,SKU_03,75
2025-01-09,SKU_03,101
2025-01-10,SKU_03,76
2025-01-11,SKU_03,102
2025-01-12,SKU_03,101
2025-01-13,SKU_03,83
2025-01-14,SKU_03,87
2025-01-15,SKU_03,85
2025-01-16,SKU_03,68
2025-01-17,SKU_03,80
2025-01-18,SKU_03,97
2025-01-19,SKU_03,111
2025-01-20,SKU_03,72
2025-01-21,SKU_03,69
2025-01-22,SKU_03,81
2025-01-23,SKU_03,65
2025-01-24,SKU_03,82
2025-01-25,SKU_03,112
2025-01-26,SKU_03,112
2025-01-27,SKU_03,84
2025-01-28,SKU_03,78
2025-01-29,SKU_03,79
2025-01-30,SKU_03,74
2025-01-31,SKU_03,67
2025-02-01,SKU_03,114
2025-02-02,SKU_03,101
2025-02-03,SKU_03,80
2025-02-04,SKU_03,80
2025-02-05,SKU_03,73
2025-02-06,SKU_03,65
2025-02-07,SKU_03,75
2025-02-08,SKU_03,115
2025-02-09,SKU_03,101
2025-02-10,SKU_03,67
2025-02-11,SKU_03,72
2025-02-12,SKU_03,75
2025-02-13,SKU_03,83
2025-02-14,SKU_03,88
2025-02-15,SKU_03,107
2025-02-16,SKU_03,104
2025-02-17,SKU_03,98
2025-02-18,SKU_03,72
2025-02-19,SKU_03,68
2025-02-20,SKU_03,85
2025-02-21,SKU_03,78
2025-02-22,SKU_03,120
2025-02-23,SKU_03,114
2025-02-24,SKU_03,80
2025-02-25,SKU_03,102
2025-02-26,SKU_03,91
2025-02-27,SKU_03,91
2025-02-28,SKU_03,70
2025-03-01,SKU_03,106
2025-03-02,SKU_03,105
2025-03-03,SKU_03,70
2025-03-04,SKU_03,82
2025-03-05,SKU_03,78
2025-03-06,SKU_03,89
2025-03-07,SKU_03,75
2025-03-08,SKU_03,102
2025-03-09,SKU_03,116
2025-03-10,SKU_03,65
2025-03-11,SKU_03,80
2025-03-12,SKU_03,70
2025-03-13,SKU_03,89
2025-03-14,SKU_03,66
2025-03-15,SKU_03,115
2025-03-16,SKU_03,119
2025-03-17,SKU_03,61
2025-03-18,SKU_03,85
2025-03-19,SKU_03,80
2025-03-20,SKU_03,91
2025-03-21,SKU_03,75
2025-03-22,SKU_03,108
2025-03-23,SKU_03,118
2025-03-24,SKU_03,75
2025-03-25,SKU_03,70
2025-03-26,SKU_03,82
2025-03-27,SKU_03,85
2025-03-28,SKU_03,75
2025-03-29,SKU_03,119
2025-03-30,SKU_03,94
2025-03-31,SKU_03,72
2025-04-01,SKU_03,85
2025-04-02,SKU_03,73
2025-04-03,SKU_03,66
2025-04-04,SKU_03,92
2025-04-05,SKU_03,90
2025-04-06,SKU_03,129
2025-04-07,SKU_03,79
2025-04-08,SKU_03,84
2025-04-09,SKU_03,59
2025-04-10,SKU_03,75
2025-04-11,SKU_03,63
2025-04-12,SKU_03,95
2025-04-13,SKU_03,100
2025-04-14,SKU_03,68
2025-04-15,SKU_03,91
2025-04-16,SKU_03,64
2025-04-17,SKU_03,92
2025-04-18,SKU_03,76
2025-04-19,SKU_03,103
2025-04-20,SKU_03,113
2025-04-21,SKU_03,88
2025-04-22,SKU_03,81
2025-04-23,SKU_03,86
2025-04-24,SKU_03,76
2025-04-25,SKU_03,93
2025-04-26,SKU_03,97
2025-04-27,SKU_03,94
2025-04-28,SKU_03,86
2025-04-29,SKU_03,81
2025-04-30,SKU_03,62
2025-05-01,SKU_03,75
2025-05-02,SKU_03,97
2025-05-03,SKU_03,100
2025-05-04,SKU_03,105
2025-05-05,SKU_03,77
2025-05-06,SKU_03,67
2025-05-07,SKU_03,64
2025-05-08,SKU_03,67
2025-05-09,SKU_03,70
2025-05-10,SKU_03,107
2025-05-11,SKU_03,104
2025-05-12,SKU_03,86
2025-05-13,SKU_03,73
2025-05-14,SKU_03,91
2025-05-15,SKU_03,76
2025-05-16,SKU_03,68
2025-05-17,SKU_03,88
2025-05-18,SKU_03,110
2025-05-19,SKU_03,57
2025-05-20,SKU_03,85
2025-05-21,SKU_03,84
2025-05-22,SKU_03,100
2025-05-23,SKU_03,83
2025-05-24,SKU_03,98
2025-05-25,SKU_03,101
2025-05-26,SKU_03,81
2025-05-27,SKU_03,88
2025-05-28,SKU_03,75
2025-05-29,SKU_03,74
2025-05-30,SKU_03,82
2025-05-31,SKU_03,111
2025-06-01,SKU_03,104
2025-06-02,SKU_03,74
2025-06-03,SKU_03,75
2025-06-04,SKU_03,76
2025-06-05,SKU_03,67
2025-06-06,SKU_03,72
2025-06-07,SKU_03,108
2025-06-08,SKU_03,95
2025-06-09,SKU_03,78
2025-06-10,SKU_03,62
2025-06-11,SKU_03,92
2025-06-12,SKU_03,64
2025-06-13,SKU_03,78
2025-06-14,SKU_03,112
2025-06-15,SKU_03,90
2025-06-16,SKU_03,68
2025-06-17,SKU_03,103
2025-06-18,SKU_03,84
2025-06-19,SKU_03,73
2025-06-20,SKU_03,61
2025-06-21,SKU_03,121
2025-06-22,SKU_03,111
2025-06-23,SKU_03,67
2025-06-24,SKU_03,77
2025-06-25,SKU_03,81
2025-06-26,SKU_03,66
2025-06-27,SKU_03,56
2025-06-28,SKU_03,121
2025-06-29,SKU_03,117
2025-06-30,SKU_03,84
2025-07-01,SKU_03,94
2025-07-02,SKU_03,58
2025-07-03,SKU_03,84
2025-07-04,SKU_03,85
2025-07-05,SKU_03,105
2025-07-06,SKU_03,107
2025-07-07,SKU_03,92
2025-07-08,SKU_03,76
2025-07-09,SKU_03,88
2025-07-10,SKU_03,89
2025-07-11,SKU_03,74
2025-07-12,SKU_03,124
2025-07-13,SKU_03,98
2025-07-14,SKU_03,69
2025-07-15,SKU_03,82
2025-07-16,SKU_03,68
2025-07-17,SKU_03,80
2025-07-18,SKU_03,86
2025-07-19,SKU_03,88
2025-07-20,SKU_03,114
2025-07-21,SKU_03,68
2025-07-22,SKU_03,72
2025-07-23,SKU_03,72
2025-07-24,SKU_03,91
2025-07-25,SKU_03,85
2025-07-26,SKU_03,132
2025-07-27,SKU_03,106
2025-07-28,SKU_03,87
2025-07-29,SKU_03,76
2025-07-30,SKU_03,95
2025-07-31,SKU_03,84
2025-08-01,SKU_03,71
2025-08-02,SKU_03,103
2025-08-03,SKU_03,125
2025-08-04,SKU_03,69
2025-08-05,SKU_03,83
2025-08-06,SKU_03,84
2025-08-07,SKU_03,78
2025-08-08,SKU_03,80
2025-08-09,SKU_03,93
2025-08-10,SKU_03,106
2025-08-11,SKU_03,72
2025-08-12,SKU_03,80
2025-08-13,SKU_03,75
2025-08-14,SKU_03,76
2025-08-15,SKU_03,86
2025-08-16,SKU_03,106
2025-08-17,SKU_03,123
2025-08-18,SKU_03,74
2025-08-19,SKU_03,81
2025-08-20,SKU_03,60
2025-08-21,SKU_03,75
2025-08-22,SKU_03,85
2025-08-23,SKU_03,104
2025-08-24,SKU_03,119
2025-08-25,SKU_03,80
2025-08-26,SKU_03,73
2025-08-27,SKU_03,58
2025-08-28,SKU_03,72
2025-08-29,SKU_03,94
2025-08-30,SKU_03,110
2025-08-31,SKU_03,97
2025-09-01,SKU_03,70
2025-09-02,SKU_03,84
2025-09-03,SKU_03,76
2025-09-04,SKU_03,77
2025-09-05,SKU_03,74
2025-09-06,SKU_03,111
2025-09-07,SKU_03,106
2025-09-08,SKU_03,78
2025-09-09,SKU_03,66
2025-09-10,SKU_03,62
2025-09-11,SKU_03,74
2025-09-12,SKU_03,73
2025-09-13,SKU_03,106
2025-09-14,SKU_03,95
2025-09-15,SKU_03,79
2025-09-16,SKU_03,88
2025-09-17,SKU_03,76
2025-09-18,SKU_03,65
2025-09-19,SKU_03,79
2025-09-20,SKU_03,105
2025-09-21,SKU_03,114
2025-09-22,SKU_03,78
2025-09-23,SKU_03,61
2025-09-24,SKU_03,81
2025-09-25,SKU_03,74
2025-09-26,SKU_03,73
